CREATE TABLE brand (
    id UUID NOT NULL PRIMARY KEY DEFAULT gen_random_uuid(),
    name VARCHAR(255) NOT NULL,
    description TEXT NOT NULL,
    opening_hours TIME NOT NULL,
    closed_hours TIME NOT NULL,
    logo_url TEXT NOT NULL,
    website_url TEXT NOT NULL,
    status VARCHAR(50) NOT NULL,
    date_added TIMESTAMP DEFAULT CURRENT_TIMESTAMP
);

INSERT INTO brand (id, name, description, opening_hours, closed_hours, logo_url, website_url, status, date_added) VALUES 
    (
        '68b50680-d17d-4470-b2cf-306dd234e982',
        'Gà Nấm Cake Shop',
        'Sells Cakes',
        '08:30:00',
        '22:00:00',
        'https://ga-nam-cake-shop-1.onrender.com/img/logo.png',
        'https://ga-nam-cake-shop-1.onrender.com',
        'Active',
        '2025-04-11 13:44:00.886386'
    );

-- Branch Table
CREATE TABLE branch (
    id UUID NOT NULL PRIMARY KEY DEFAULT gen_random_uuid(),
    brand_id UUID NOT NULL REFERENCES brand(id) ON DELETE CASCADE ON UPDATE CASCADE,
    address TEXT NOT NULL,
    phone VARCHAR(10) NOT NULL,
    status VARCHAR(10) NOT NULL,
    date_added TIMESTAMP DEFAULT CURRENT_TIMESTAMP
);

INSERT INTO branch (id, brand_id, address, phone, status, date_added) VALUES 
    ('109db7f7-52a2-41fd-bfa6-9637df5cc248', '68b50680-d17d-4470-b2cf-306dd234e982', '2417 Elmwood Drive, Springfield, IL 62704', '0123455789', 'Active', '2025-04-11 15:18:44.529476'),
    ('ff7b7703-bd86-4a78-8e87-adb745c628f9', '68b50680-d17d-4470-b2cf-306dd234e982', '92 Maple Crescent, Rochester, NY 14620', '0123455710', 'Active', '2025-04-12 14:07:26.966098'),
    ('bd574b57-9ccd-4e9a-b7c5-2e35afbc513c', '68b50680-d17d-4470-b2cf-306dd234e982', '580 Oak Hill Road, Austin, TX 78744', '0123455711', 'Active', '2025-04-12 14:08:35.769682'),
    ('a06edc09-9be1-4e68-b399-b2453c35edfe', '68b50680-d17d-4470-b2cf-306dd234e982', '1763 Riverbend Lane, Seattle, WA 98118', '0123455712', 'Active', '2025-04-12 14:09:12.56649');

-- Member Information
CREATE TABLE member_information (
    id UUID NOT NULL PRIMARY KEY DEFAULT gen_random_uuid(),
    full_name VARCHAR(255) NOT NULL,
    username VARCHAR(255) UNIQUE NOT NULL,
    password VARCHAR(255) NOT NULL,
    role VARCHAR(50) NOT NULL,
    email VARCHAR(255) UNIQUE NOT NULL,
    phone VARCHAR(10) UNIQUE NOT NULL,
    gender VARCHAR(6) NOT NULL,
    address VARCHAR(255) NOT NULL,
    date_added TIMESTAMP DEFAULT CURRENT_TIMESTAMP
);

-- Customer Table
CREATE TABLE customer (
    id UUID NOT NULL PRIMARY KEY DEFAULT gen_random_uuid(),
    member_information_id UUID NOT NULL REFERENCES member_information(id) ON DELETE CASCADE ON UPDATE CASCADE,
    brand_id UUID NOT NULL REFERENCES brand(id) ON DELETE CASCADE ON UPDATE CASCADE,
    status VARCHAR(50) NOT NULL,
    avatar TEXT,
    cart JSONB DEFAULT '{"total_price": 0, "items": []}'
);

INSERT INTO member_information (id, full_name, username, password, role, email, phone, gender, address) VALUES
    ('5add6233-d76d-4e61-9cbf-c98f9edf0315', 'John Smith', 'jsmith', '$2a$10$40t2odlWr.2ibBzZ2q2JTuOVzXtJUEVPObw58/PCwL9XNh2jR4e26', 'User', 'jsmith@example.com', '5551234599', 'Male', '123 Main St, New York, NY 10001'),
    ('7bc12548-a8f4-4547-b5e9-d831afce3721', 'Sarah Johnson', 'sjohnson', '$2a$10$40t2odlWr.2ibBzZ2q2JTuOVzXtJUEVPObw58/PCwL9XNh2jR4e26', 'User', 'sjohnson@example.com', '5552345678', 'Female', '456 Oak Ave, Los Angeles, CA 90001'),
    ('9e6f12a3-b52c-4c8d-9e5f-a3b7c8d9e6f1', 'Michael Williams', 'mwilliams', '$2a$10$40t2odlWr.2ibBzZ2q2JTuOVzXtJUEVPObw58/PCwL9XNh2jR4e26', 'User', 'mwilliams@example.com', '5553456789', 'Male', '789 Pine Rd, Chicago, IL 60007'),
    ('4f8a6b2c-d5e3-4f7a-9b1c-3d5e7f9a2b4c', 'Jennifer Brown', 'jbrown', '$2a$10$40t2odlWr.2ibBzZ2q2JTuOVzXtJUEVPObw58/PCwL9XNh2jR4e26', 'User', 'jbrown@example.com', '5557767890', 'Female', '321 Elm Blvd, Houston, TX 77001'),
    ('2a4c6e8f-1b3d-5e7f-9a2c-4e6f8a1c3e5d', 'David Jones', 'djones', '$2a$10$40t2odlWr.2ibBzZ2q2JTuOVzXtJUEVPObw58/PCwL9XNh2jR4e26', 'User', 'djones@example.com', '5555678901', 'Male', '654 Maple Dr, Philadelphia, PA 19019'),
    ('6b8d0f2a-4c6e-8f0a-2c4e-6f8a0c2e4f6a', 'Lisa Garcia', 'lgarcia', '$2a$10$40t2odlWr.2ibBzZ2q2JTuOVzXtJUEVPObw58/PCwL9XNh2jR4e26', 'User', 'lgarcia@example.com', '5556789012', 'Female', '987 Cedar Ln, Phoenix, AZ 85001'),
    ('8a0c2e4f-6b8d-0f2a-4c6e-8f0a2c4e6f8a', 'Robert Miller', 'rmiller', '$2a$10$40t2odlWr.2ibBzZ2q2JTuOVzXtJUEVPObw58/PCwL9XNh2jR4e26', 'User', 'rmiller@example.com', '5557890123', 'Male', '159 Birch St, San Antonio, TX 78201'),
    ('1d3f5b7a-9c1e-3f5b-7d9e-1f3d5b7d9f1b', 'Michelle Davis', 'mdavis', '$2a$10$40t2odlWr.2ibBzZ2q2JTuOVzXtJUEVPObw58/PCwL9XNh2jR4e26', 'User', 'mdavis@example.com', '5558901234', 'Female', '753 Spruce Ave, San Diego, CA 92101'),
    ('3e5d7f9b-1d3f-5b7d-9f1b-3d5f7b9d1f3b', 'James Rodriguez', 'jrodriguez', '$2a$10$40t2odlWr.2ibBzZ2q2JTuOVzXtJUEVPObw58/PCwL9XNh2jR4e26', 'User', 'jrodriguez@example.com', '5559012345', 'Male', '852 Pineapple Way, Dallas, TX 75201'),
    ('5c7e9a1b-3d5f-7b9d-1f3b-5d7f9b1d3f5b', 'Patricia Wilson', 'pwilson', '$2a$10$40t2odlWr.2ibBzZ2q2JTuOVzXtJUEVPObw58/PCwL9XNh2jR4e26', 'User', 'pwilson@example.com', '5550123456', 'Female', '426 Orange Ct, San Jose, CA 95101'),
    ('7d9f1b3d-5f7b-9d1f-3b5d-7f9b1d3f5b7d', 'Thomas Moore', 'tmoore', '$2a$10$40t2odlWr.2ibBzZ2q2JTuOVzXtJUEVPObw58/PCwL9XNh2jR4e26', 'User', 'tmoore@example.com', '5551122334', 'Male', '708 Lemon St, Austin, TX 78701'),
    ('9b1d3f5b-7d9f-1b3d-5f7b-9d1f3b5d7f9b', 'Nancy Taylor', 'ntaylor', '$2a$10$40t2odlWr.2ibBzZ2q2JTuOVzXtJUEVPObw58/PCwL9XNh2jR4e26', 'User', 'ntaylor@example.com', '5552233445', 'Female', '639 Apple Rd, Jacksonville, FL 32099'),
    ('b3d5f7b9-d1f3-b5d7-f9b1-d3f5b7d9f1b3', 'Kevin Anderson', 'kanderson', '$2a$10$40t2odlWr.2ibBzZ2q2JTuOVzXtJUEVPObw58/PCwL9XNh2jR4e26', 'User', 'kanderson@example.com', '5553344556', 'Male', '951 Grape Blvd, Fort Worth, TX 76101'),
    ('d5f7b9d1-f3b5-d7f9-b1d3-f5b7d9f1b3d5', 'Amanda Thomas', 'athomas', '$2a$10$40t2odlWr.2ibBzZ2q2JTuOVzXtJUEVPObw58/PCwL9XNh2jR4e26', 'User', 'athomas@example.com', '5554455667', 'Female', '247 Cherry Dr, Columbus, OH 43085'),
    ('f7b9d1f3-b5d7-f9b1-d3f5-b7d9f1b3d5f7', 'Christopher Lee', 'clee', '$2a$10$40t2odlWr.2ibBzZ2q2JTuOVzXtJUEVPObw58/PCwL9XNh2jR4e26', 'User', 'clee@example.com', '5555566778', 'Male', '369 Plum St, Indianapolis, IN 46201'),
    ('9a2c4e6f-8a0c-2e4f-6a8c-0e2f4a6c8e0f', 'Melissa Martinez', 'mmartinez', '$2a$10$40t2odlWr.2ibBzZ2q2JTuOVzXtJUEVPObw58/PCwL9XNh2jR4e26', 'User', 'mmartinez@example.com', '5556677889', 'Female', '582 Peach Ave, Charlotte, NC 28202'),
    ('b4d6f8a0-c2e4-f6a8-c0e2-f4a6c8e0f2a4', 'Daniel White', 'dwhite', '$2a$10$40t2odlWr.2ibBzZ2q2JTuOVzXtJUEVPObw58/PCwL9XNh2jR4e26', 'User', 'dwhite@example.com', '5557788990', 'Male', '814 Banana Ln, Seattle, WA 98101'),
    ('d6f8a0c2-e4f6-a8c0-e2f4-a6c8e0f2a4c6', 'Rebecca Clark', 'rclark', '$2a$10$40t2odlWr.2ibBzZ2q2JTuOVzXtJUEVPObw58/PCwL9XNh2jR4e26', 'User', 'rclark@example.com', '5558899001', 'Female', '736 Mango Ct, Denver, CO 80201'),
    ('f8a0c2e4-f6a8-c0e2-f4a6-c8e0f2a4c6f8', 'Steven Lewis', 'slewis', '$2a$10$40t2odlWr.2ibBzZ2q2JTuOVzXtJUEVPObw58/PCwL9XNh2jR4e26', 'User', 'slewis@example.com', '5559900112', 'Male', '628 Kiwi Dr, Boston, MA 02108'),
    ('a0c2e4f6-a8c0-e2f4-a6c8-e0f2a4c6f8a0', 'Elizabeth Walker', 'ewalker', '$2a$10$40t2odlWr.2ibBzZ2q2JTuOVzXtJUEVPObw58/PCwL9XNh2jR4e26', 'User', 'ewalker@example.com', '5550011223', 'Female', '193 Papaya Rd, Nashville, TN 37201');

INSERT INTO customer (id, member_information_id, brand_id, status, avatar) VALUES
    ('a1b2c3d4-e5f6-4a5b-9c8d-1e2f3a4b5c6d', '5add6233-d76d-4e61-9cbf-c98f9edf0315', '68b50680-d17d-4470-b2cf-306dd234e982', 'Active', 'https://xsgames.co/randomusers/assets/avatars/male/72.jpg'),
    ('b2c3d4e5-f6a7-5b6c-0d1e-2f3a4b5c6d7e', '7bc12548-a8f4-4547-b5e9-d831afce3721', '68b50680-d17d-4470-b2cf-306dd234e982', 'Active', 'https://xsgames.co/randomusers/assets/avatars/male/24.jpg'),
    ('c3d4e5f6-a7b8-6c7d-1e2f-3a4b5c6d7e8f', '9e6f12a3-b52c-4c8d-9e5f-a3b7c8d9e6f1', '68b50680-d17d-4470-b2cf-306dd234e982', 'Inactive', 'https://xsgames.co/randomusers/assets/avatars/female/0.jpg'),
    ('d4e5f6a7-b8c9-7d8e-2f3a-4b5c6d7e8f9a', '4f8a6b2c-d5e3-4f7a-9b1c-3d5e7f9a2b4c', '68b50680-d17d-4470-b2cf-306dd234e982', 'Inactive', 'https://xsgames.co/randomusers/assets/avatars/female/12.jpg'),
    ('e5f6a7b8-c9d0-8e9f-3a4b-5c6d7e8f9a0b', '2a4c6e8f-1b3d-5e7f-9a2c-4e6f8a1c3e5d', '68b50680-d17d-4470-b2cf-306dd234e982', 'Inactive', 'https://xsgames.co/randomusers/assets/avatars/male/15.jpg'),
    ('f6a7b8c9-d0e1-9f0a-4b5c-6d7e8f9a0b1c', '6b8d0f2a-4c6e-8f0a-2c4e-6f8a0c2e4f6a', '68b50680-d17d-4470-b2cf-306dd234e982', 'Active', 'https://xsgames.co/randomusers/assets/avatars/male/21.jpg'),
    ('a7b8c9d0-e1f2-0a1b-5c6d-7e8f9a0b1c2d', '8a0c2e4f-6b8d-0f2a-4c6e-8f0a2c4e6f8a', '68b50680-d17d-4470-b2cf-306dd234e982', 'Active', 'https://xsgames.co/randomusers/assets/avatars/female/18.jpg'),
    ('b8c9d0e1-f2a3-1b2c-6d7e-8f9a0b1c2d3e', '1d3f5b7a-9c1e-3f5b-7d9e-1f3d5b7d9f1b', '68b50680-d17d-4470-b2cf-306dd234e982', 'Active', 'https://xsgames.co/randomusers/assets/avatars/female/71.jpg'),
    ('c9d0e1f2-a3b4-2c3d-7e8f-9a0b1c2d3e4f', '3e5d7f9b-1d3f-5b7d-9f1b-3d5f7b9d1f3b', '68b50680-d17d-4470-b2cf-306dd234e982', 'Inactive', 'https://xsgames.co/randomusers/assets/avatars/male/59.jpg'),
    ('d0e1f2a3-b4c5-3d4e-8f9a-0b1c2d3e4f5a', '5c7e9a1b-3d5f-7b9d-1f3b-5d7f9b1d3f5b', '68b50680-d17d-4470-b2cf-306dd234e982', 'Inactive', 'https://xsgames.co/randomusers/assets/avatars/male/66.jpg'),
    ('e1f2a3b4-c5d6-4e5f-9a0b-1c2d3e4f5a6b', '7d9f1b3d-5f7b-9d1f-3b5d-7f9b1d3f5b7d', '68b50680-d17d-4470-b2cf-306dd234e982', 'Active', 'https://xsgames.co/randomusers/assets/avatars/female/29.jpg'),
    ('f2a3b4c5-d6e7-5f6a-0b1c-2d3e4f5a6b7c', '9b1d3f5b-7d9f-1b3d-5f7b-9d1f3b5d7f9b', '68b50680-d17d-4470-b2cf-306dd234e982', 'Active', 'https://xsgames.co/randomusers/assets/avatars/female/24.jpg'),
    ('a3b4c5d6-e7f8-6a7b-1c2d-3e4f5a6b7c8d', 'b3d5f7b9-d1f3-b5d7-f9b1-d3f5b7d9f1b3', '68b50680-d17d-4470-b2cf-306dd234e982', 'Active', 'https://xsgames.co/randomusers/assets/avatars/male/45.jpg'),
    ('b4c5d6e7-f8a9-7b8c-2d3e-4f5a6b7c8d9e', 'd5f7b9d1-f3b5-d7f9-b1d3-f5b7d9f1b3d5', '68b50680-d17d-4470-b2cf-306dd234e982', 'Inactive', 'https://xsgames.co/randomusers/assets/avatars/male/59.jpg'),
    ('c5d6e7f8-a9b0-8c9d-3e4f-5a6b7c8d9e0f', 'f7b9d1f3-b5d7-f9b1-d3f5-b7d9f1b3d5f7', '68b50680-d17d-4470-b2cf-306dd234e982', 'Active', 'https://xsgames.co/randomusers/assets/avatars/female/51.jpg'),
    ('d6e7f8a9-b0c1-9d0e-4f5a-6b7c8d9e0f1a', '9a2c4e6f-8a0c-2e4f-6a8c-0e2f4a6c8e0f', '68b50680-d17d-4470-b2cf-306dd234e982', 'Inactive', 'https://xsgames.co/randomusers/assets/avatars/female/50.jpg'),
    ('e7f8a9b0-c1d2-0e1f-5a6b-7c8d9e0f1a2b', 'b4d6f8a0-c2e4-f6a8-c0e2-f4a6c8e0f2a4', '68b50680-d17d-4470-b2cf-306dd234e982', 'Active', 'https://xsgames.co/randomusers/assets/avatars/male/22.jpg'),
    ('f8a9b0c1-d2e3-1f2a-6b7c-8d9e0f1a2b3c', 'd6f8a0c2-e4f6-a8c0-e2f4-a6c8e0f2a4c6', '68b50680-d17d-4470-b2cf-306dd234e982', 'Inactive', 'https://xsgames.co/randomusers/assets/avatars/male/38.jpg'),
    ('a9b0c1d2-e3f4-2a3b-7c8d-9e0f1a2b3c4d', 'f8a0c2e4-f6a8-c0e2-f4a6-c8e0f2a4c6f8', '68b50680-d17d-4470-b2cf-306dd234e982', 'Active', 'https://xsgames.co/randomusers/assets/avatars/female/26.jpg'),
    ('b0c1d2e3-f4a5-3b4c-8d9e-0f1a2b3c4d5e', 'a0c2e4f6-a8c0-e2f4-a6c8-e0f2a4c6f8a0', '68b50680-d17d-4470-b2cf-306dd234e982', 'Inactive', 'https://xsgames.co/randomusers/assets/avatars/female/22.jpg');

-- Staff Table
CREATE TABLE staff (
    id UUID NOT NULL PRIMARY KEY DEFAULT gen_random_uuid(),
    member_information_id UUID NOT NULL REFERENCES member_information(id) ON DELETE CASCADE ON UPDATE CASCADE,
    branch_id UUID NOT NULL REFERENCES branch(id) ON DELETE CASCADE ON UPDATE CASCADE,
    position VARCHAR(50),
    avatar TEXT,
    salary INTEGER NOT NULL
);

INSERT INTO member_information (id, full_name, username, password, role, email, phone, gender, address) VALUES
    ('a1c3e5a7-b2d4-f6a8-a0a2-a4a6a8a0a2a4', 'Richard Brown', 'rbrown', '$2a$10$40t2odlWr.2ibBzZ2q2JTuOVzXtJUEVPObw58/PCwL9XNh2jR4e26', 'Branch Manager', 'rbrown@example.com', '5551234001', 'Male', '101 Manager Blvd, Seattle, WA 98101'),
    ('b2d4f6b8-c0d2-e4f6-a8b0-c2d4e6f8a0b2', 'Emily Johnson', 'ejohnson', '$2a$10$40t2odlWr.2ibBzZ2q2JTuOVzXtJUEVPObw58/PCwL9XNh2jR4e26', 'Branch Manager', 'ejohnson@example.com', '5551234002', 'Female', '202 Director Ave, Portland, OR 97201'),
    ('c3e5a7c9-d0e2-f4a6-b8c0-d2e4f6a8b0c2', 'Marcus Williams', 'mwilliams2', '$2a$10$40t2odlWr.2ibBzZ2q2JTuOVzXtJUEVPObw58/PCwL9XNh2jR4e26', 'Branch Manager', 'mwilliams2@example.com', '5551234003', 'Male', '303 Leadership St, San Francisco, CA 94105'),
    ('d4f6b8d0-e2f4-a6b8-c0d2-e4f6a8b0c2d4', 'Sophia Martinez', 'smartinez', '$2a$10$40t2odlWr.2ibBzZ2q2JTuOVzXtJUEVPObw58/PCwL9XNh2jR4e26', 'Branch Manager', 'smartinez@example.com', '5551234004', 'Female', '404 Executive Dr, Chicago, IL 60601'),
    ('e5a7c9e5-f4a6-b8c0-d2e4-f6a8b0c2d4e6', 'Alex Thompson', 'athompson', '$2a$10$40t2odlWr.2ibBzZ2q2JTuOVzXtJUEVPObw58/PCwL9XNh2jR4e26', 'Branch Employee', 'athompson@example.com', '5551234005', 'Male', '505 Worker St, Seattle, WA 98101'),
    ('f6b8d0f6-a8b0-c2d4-e6f8-a0b2c4d6e8f0', 'Olivia Wilson', 'owilson', '$2a$10$40t2odlWr.2ibBzZ2q2JTuOVzXtJUEVPObw58/PCwL9XNh2jR4e26', 'Branch Employee', 'owilson@example.com', '5551234006', 'Female', '606 Staff Ave, Seattle, WA 98101'),
    ('a7c9e1a7-b0c2-d4e6-f8a0-b2c4d6e8f0a2', 'Ethan Davis', 'edavis', '$2a$10$40t2odlWr.2ibBzZ2q2JTuOVzXtJUEVPObw58/PCwL9XNh2jR4e26', 'Branch Employee', 'edavis@example.com', '5551234007', 'Male', '707 Team Blvd, Seattle, WA 98101'),
    ('b8d0f2b8-c2d4-e6f8-a0b2-c4d6e8f0a2b4', 'Isabella Miller', 'imiller', '$2a$10$40t2odlWr.2ibBzZ2q2JTuOVzXtJUEVPObw58/PCwL9XNh2jR4e26', 'Branch Employee', 'imiller@example.com', '5551234008', 'Female', '808 Crew Dr, Seattle, WA 98101'), 
    ('c9e1f3c9-d4e6-f8a0-b2c4-d6e8f0a2b4c6', 'Noah Garcia', 'ngarcia', '$2a$10$40t2odlWr.2ibBzZ2q2JTuOVzXtJUEVPObw58/PCwL9XNh2jR4e26', 'Branch Employee', 'ngarcia@example.com', '5551234009', 'Male', '909 Associate St, Portland, OR 97201'),
    ('d0f2a4d0-e6f8-a0b2-c4d6-e8f0a2b4c6d8', 'Emma Rodriguez', 'erodriguez', '$2a$10$40t2odlWr.2ibBzZ2q2JTuOVzXtJUEVPObw58/PCwL9XNh2jR4e26', 'Branch Employee', 'erodriguez@example.com', '5551234010', 'Female', '1010 Helper Ave, Portland, OR 97201'),
    ('e1f3b5e1-f8a0-b2c4-d6e8-f0a2b4c6d8e0', 'William Lee', 'wlee', '$2a$10$40t2odlWr.2ibBzZ2q2JTuOVzXtJUEVPObw58/PCwL9XNh2jR4e26', 'Branch Employee', 'wlee@example.com', '5551234011', 'Male', '1111 Staffer Blvd, Portland, OR 97201'),
    ('f2a4c6f2-a0b2-c4d6-e8f0-a2b4c6d8e0f2', 'Ava Walker', 'awalker', '$2a$10$40t2odlWr.2ibBzZ2q2JTuOVzXtJUEVPObw58/PCwL9XNh2jR4e26', 'Branch Employee', 'awalker@example.com', '5551234012', 'Female', '1212 Worker Dr, Portland, OR 97201'),
    ('a3b5c7a3-b4c6-d8e0-f2a4-b6c8d0e2f4a6', 'James Taylor', 'jtaylor', '$2a$10$40t2odlWr.2ibBzZ2q2JTuOVzXtJUEVPObw58/PCwL9XNh2jR4e26', 'Branch Employee', 'jtaylor@example.com', '5551234013', 'Male', '1313 Clerk St, San Francisco, CA 94105'),
    ('b4c6d8b4-c6d8-e0f2-a4b6-c8d0e2f4a6b8', 'Charlotte Anderson', 'canderson', '$2a$10$40t2odlWr.2ibBzZ2q2JTuOVzXtJUEVPObw58/PCwL9XNh2jR4e26', 'Branch Employee', 'canderson@example.com', '5551234014', 'Female', '1414 Assistant Ave, San Francisco, CA 94105'),
    ('c5d7e9c5-d8e0-f2a4-b6c8-d0e2f4a6b8c0', 'Benjamin Moore', 'bmoore', '$2a$10$40t2odlWr.2ibBzZ2q2JTuOVzXtJUEVPObw58/PCwL9XNh2jR4e26', 'Branch Employee', 'bmoore@example.com', '5551234015', 'Male', '1515 Team Blvd, San Francisco, CA 94105'),
    ('d6e8f0d6-e0f2-a4b6-c8d0-e2f4a6b8c0d2', 'Mia Jackson', 'mjackson', '$2a$10$40t2odlWr.2ibBzZ2q2JTuOVzXtJUEVPObw58/PCwL9XNh2jR4e26', 'Branch Employee', 'mjackson@example.com', '5551234016', 'Female', '1616 Staff Dr, San Francisco, CA 94105'),
    ('e7f9a1e7-f2a4-b6c8-d0e2-f4a6b8c0d2e4', 'Daniel Harris', 'dharris', '$2a$10$40t2odlWr.2ibBzZ2q2JTuOVzXtJUEVPObw58/PCwL9XNh2jR4e26', 'Branch Employee', 'dharris@example.com', '5551234017', 'Male', '1717 Employee St, Chicago, IL 60601'),
    ('f8a0b2f8-a4b6-c8d0-e2f4-a6b8c0d2e4f6', 'Amelia Clark', 'aclark', '$2a$10$40t2odlWr.2ibBzZ2q2JTuOVzXtJUEVPObw58/PCwL9XNh2jR4e26', 'Branch Employee', 'aclark@example.com', '5551234018', 'Female', '1818 Associate Ave, Chicago, IL 60601'),
    ('a9b1c3a9-b6c8-d0e2-f4a6-b8c0d2e4f6a8', 'Henry Lewis', 'hlewis', '$2a$10$40t2odlWr.2ibBzZ2q2JTuOVzXtJUEVPObw58/PCwL9XNh2jR4e26', 'Branch Employee', 'hlewis@example.com', '5551234019', 'Male', '1919 Crew Blvd, Chicago, IL 60601'),
    ('b0c2d4b0-c8d0-e2f4-a6b8-c0d2e4f6a8b0', 'Elizabeth Young', 'eyoung', '$2a$10$40t2odlWr.2ibBzZ2q2JTuOVzXtJUEVPObw58/PCwL9XNh2jR4e26', 'Branch Employee', 'eyoung@example.com', '5551234020', 'Female', '2020 Helper Dr, Chicago, IL 60601');

INSERT INTO staff (id, member_information_id, branch_id, position, salary, avatar) VALUES
    ('aa1bb2cc-3dd4-4ee5-ff66-77a88b99cc00', 'a1c3e5a7-b2d4-f6a8-a0a2-a4a6a8a0a2a4', '109db7f7-52a2-41fd-bfa6-9637df5cc248', 'Branch Manager', 30000000, 'https://xsgames.co/randomusers/assets/avatars/male/6.jpg'), 
    ('bb2cc3dd-4ee5-5ff6-6aa7-7bb88c99d00e', 'e5a7c9e5-f4a6-b8c0-d2e4-f6a8b0c2d4e6', '109db7f7-52a2-41fd-bfa6-9637df5cc248', 'Branch Employee', 15000000, 'https://xsgames.co/randomusers/assets/avatars/female/5.jpg'),
    ('cc3dd4ee-5ff6-6aa7-7bb8-8cc99d00e11f', 'f6b8d0f6-a8b0-c2d4-e6f8-a0b2c4d6e8f0', '109db7f7-52a2-41fd-bfa6-9637df5cc248', 'Branch Employee', 17500000, 'https://xsgames.co/randomusers/assets/avatars/female/9.jpg'), 
    ('dd4ee5ff-6aa7-7bb8-8cc9-9dd00e11f22a', 'a7c9e1a7-b0c2-d4e6-f8a0-b2c4d6e8f0a2', '109db7f7-52a2-41fd-bfa6-9637df5cc248', 'Branch Employee', 12000000, 'https://xsgames.co/randomusers/assets/avatars/female/52.jpg'), 
    ('ee5ff6aa-7bb8-8cc9-9dd0-0ee11f22a33b', 'b8d0f2b8-c2d4-e6f8-a0b2-c4d6e8f0a2b4', '109db7f7-52a2-41fd-bfa6-9637df5cc248', 'Branch Employee', 19000000, 'https://xsgames.co/randomusers/assets/avatars/female/76.jpg'), 
    ('ff6aa7bb-8cc9-9dd0-0ee1-1ff22a33b44c', 'b2d4f6b8-c0d2-e4f6-a8b0-c2d4e6f8a0b2', 'ff7b7703-bd86-4a78-8e87-adb745c628f9', 'Branch Manager', 30000000, 'https://xsgames.co/randomusers/assets/avatars/male/14.jpg'), 
    ('aa7bb8cc-9dd0-0ee1-1ff2-2aa33b44c55d', 'c9e1f3c9-d4e6-f8a0-b2c4-d6e8f0a2b4c6', 'ff7b7703-bd86-4a78-8e87-adb745c628f9', 'Branch Employee', 10000000, 'https://xsgames.co/randomusers/assets/avatars/male/32.jpg'), 
    ('bb8cc9dd-0ee1-1ff2-2aa3-3bb44c55d66e', 'd0f2a4d0-e6f8-a0b2-c4d6-e8f0a2b4c6d8', 'ff7b7703-bd86-4a78-8e87-adb745c628f9', 'Branch Employee', 16500000, 'https://xsgames.co/randomusers/assets/avatars/male/65.jpg'), 
    ('cc9dd0ee-1ff2-2aa3-3bb4-4cc55d66e77f', 'e1f3b5e1-f8a0-b2c4-d6e8-f0a2b4c6d8e0', 'ff7b7703-bd86-4a78-8e87-adb745c628f9', 'Branch Employee', 18000000, 'https://xsgames.co/randomusers/assets/avatars/male/8.jpg'), 
    ('dd0ee1ff-2aa3-3bb4-4cc5-5dd66e77f88a', 'f2a4c6f2-a0b2-c4d6-e8f0-a2b4c6d8e0f2', 'ff7b7703-bd86-4a78-8e87-adb745c628f9', 'Branch Employee', 11500000, 'https://xsgames.co/randomusers/assets/avatars/male/48.jpg'), 
    ('ee1ff2aa-3bb4-4cc5-5dd6-6ee77f88a99b', 'c3e5a7c9-d0e2-f4a6-b8c0-d2e4f6a8b0c2', 'bd574b57-9ccd-4e9a-b7c5-2e35afbc513c', 'Branch Manager', 30000000, 'https://xsgames.co/randomusers/assets/avatars/male/62.jpg'),
    ('ff2aa3bb-4cc5-5dd6-6ee7-7ff88a99b00c', 'a3b5c7a3-b4c6-d8e0-f2a4-b6c8d0e2f4a6', 'bd574b57-9ccd-4e9a-b7c5-2e35afbc513c', 'Branch Employee', 14000000, 'https://xsgames.co/randomusers/assets/avatars/female/40.jpg'), 
    ('aa3bb4cc-5dd6-6ee7-7ff8-8aa99b00c11d', 'b4c6d8b4-c6d8-e0f2-a4b6-c8d0e2f4a6b8', 'bd574b57-9ccd-4e9a-b7c5-2e35afbc513c', 'Branch Employee', 13000000, 'https://xsgames.co/randomusers/assets/avatars/female/46.jpg'), 
    ('bb4cc5dd-6ee7-7ff8-8aa9-9bb00c11d22e', 'c5d7e9c5-d8e0-f2a4-b6c8-d0e2f4a6b8c0', 'bd574b57-9ccd-4e9a-b7c5-2e35afbc513c', 'Branch Employee', 20000000, 'https://xsgames.co/randomusers/assets/avatars/female/42.jpg'), 
    ('cc5dd6ee-7ff8-8aa9-9bb0-0cc11d22e33f', 'd6e8f0d6-e0f2-a4b6-c8d0-e2f4a6b8c0d2', 'bd574b57-9ccd-4e9a-b7c5-2e35afbc513c', 'Branch Employee', 16000000, 'https://xsgames.co/randomusers/assets/avatars/female/3.jpg'), 
    ('dd6ee7ff-8aa9-9bb0-0cc1-1dd22e33f44a', 'd4f6b8d0-e2f4-a6b8-c0d2-e4f6a8b0c2d4', 'a06edc09-9be1-4e68-b399-b2453c35edfe', 'Branch Manager', 30000000, 'https://xsgames.co/randomusers/assets/avatars/male/41.jpg'), 
    ('ee7ff8aa-9bb0-0cc1-1dd2-2ee33f44a55b', 'e7f9a1e7-f2a4-b6c8-d0e2-f4a6b8c0d2e4', 'a06edc09-9be1-4e68-b399-b2453c35edfe', 'Branch Employee', 18500000, 'https://xsgames.co/randomusers/assets/avatars/male/23.jpg'), 
    ('ff8aa9bb-0cc1-1dd2-2ee3-3ff44a55b66c', 'f8a0b2f8-a4b6-c8d0-e2f4-a6b8c0d2e4f6', 'a06edc09-9be1-4e68-b399-b2453c35edfe', 'Branch Employee', 12500000, 'https://xsgames.co/randomusers/assets/avatars/male/55.jpg'), 
    ('aa9bb0cc-1dd2-2ee3-3ff4-4aa55b66c77d', 'a9b1c3a9-b6c8-d0e2-f4a6-b8c0d2e4f6a8', 'a06edc09-9be1-4e68-b399-b2453c35edfe', 'Branch Employee', 11000000, 'https://xsgames.co/randomusers/assets/avatars/male/5.jpg'),
    ('bb0cc1dd-2ee3-3ff4-4aa5-5bb66c77d88e', 'b0c2d4b0-c8d0-e2f4-a6b8-c0d2e4f6a8b0', 'a06edc09-9be1-4e68-b399-b2453c35edfe', 'Branch Employee', 19500000, 'https://xsgames.co/randomusers/assets/avatars/male/20.jpg');

-- User's Order Table
CREATE TABLE "order" (
    id UUID NOT NULL PRIMARY KEY DEFAULT gen_random_uuid(),
    customer_id UUID NOT NULL REFERENCES customer(id) ON DELETE CASCADE ON UPDATE CASCADE,
    branch_id UUID NOT NULL REFERENCES branch(id) ON DELETE CASCADE ON UPDATE CASCADE,
    status VARCHAR(50) NOT NULL,
    type VARCHAR(50),
    preorder_time TIME,
    late BOOLEAN NOT NULL DEFAULT false,
    resolved BOOLEAN NOT NULL DEFAULT false,
    payment_method VARCHAR(50) NOT NULL,
    cart JSONB DEFAULT '{"total_price": 0, "items": []}',
    date_added TIMESTAMP DEFAULT CURRENT_TIMESTAMP
);

INSERT INTO "order" (id, customer_id, branch_id, status, type, preorder_time, late, resolved, payment_method, cart, date_added) VALUES 
    ('2df1c225-6ddf-47c9-9a34-4fb7f26cd992', 'a1b2c3d4-e5f6-4a5b-9c8d-1e2f3a4b5c6d', 'bd574b57-9ccd-4e9a-b7c5-2e35afbc513c', 'Processing', 'Online', '14:15:00', false, false, 'Cash', '{"items": [{"id": "f02645e6-d5c0-40c6-ac53-f984f7b13bfb", "name": "Brioche Rolls (4ct)", "photo": "https://od-prod-content.s3.us-east-2.amazonaws.com/10000281/menuItemMaster/images/774345.jpg", "price": 30000, "quantity": 1, "total_price": 30000}], "total_price": 30000}', '2025-04-18 16:40:57.746'),
    ('23a0f6c2-8807-4ca8-b8e3-e2ef1aa432ad', 'd4e5f6a7-b8c9-7d8e-2f3a-4b5c6d7e8f9a', 'ff7b7703-bd86-4a78-8e87-adb745c628f9', 'Completed', 'Online', '11:45:00', false, false, 'Cash', '{"items": [{"id": "6cf31891-0d5c-4c63-98d1-3dfff834089d", "name": "Sesame Baguette Salad", "photo": "https://www.kikkoman.com/en/cookbook/assets/img/00007044.jpg", "price": 25000, "quantity": 2, "total_price": 50000}, {"id": "6f744e73-3d25-4681-8da3-623016d6071c", "name": "Pizza", "photo": "https://static.promediateknologi.id/crop/0x0:0x0/0x0/webp/photo/p2/94/2023/10/02/Snapinstaapp_383855421_1711116049313714_84421771234308923_n_1080-2136112196.jpg", "price": 42000, "quantity": 2, "total_price": 84000}], "total_price": 134000}', '2025-05-05 11:54:29.329'),
    ('881bf8df-9a36-4764-960d-50fc905a37a8', 'a1b2c3d4-e5f6-4a5b-9c8d-1e2f3a4b5c6d', '109db7f7-52a2-41fd-bfa6-9637df5cc248', 'Rejected', 'At store', '08:45:00', false, false, 'Cash', '{"items": [{"id": "610ee1ef-e761-48eb-8730-3ea4e1b2d583", "name": "Baguette Salad", "photo": "https://images.eatsmarter.com/sites/default/files/styles/max_size/public/baguette-topped-with-salad-625768.jpg", "price": 18000, "quantity": 1, "total_price": 18000}, {"id": "6cf31891-0d5c-4c63-98d1-3dfff834089d", "name": "Sesame Baguette Salad", "photo": "https://www.kikkoman.com/en/cookbook/assets/img/00007044.jpg", "price": 25000, "quantity": 1, "total_price": 25000}], "total_price": 43000}', '2025-05-08 13:58:02.196'),
    ('42fd914e-8421-4a83-86a8-9942a6370ade', 'a1b2c3d4-e5f6-4a5b-9c8d-1e2f3a4b5c6d', 'bd574b57-9ccd-4e9a-b7c5-2e35afbc513c', 'Completed', 'At store', '15:20:00', false, false, 'Cash', '{"items": [{"id": "7ad82cbb-7360-45a9-a952-673d947b6b46", "name": "Sausage Bun", "photo": "https://www.elmundoeats.com/wp-content/uploads/2019/07/Chinese-Sausage-Bread.jpg", "price": 35000, "quantity": 1, "total_price": 35000}], "total_price": 35000}', '2025-05-08 13:58:12.321'),
    ('7b02a79b-e23a-4269-9fdc-56e1b0eaf9ac', 'a1b2c3d4-e5f6-4a5b-9c8d-1e2f3a4b5c6d', 'ff7b7703-bd86-4a78-8e87-adb745c628f9', 'Processing', 'Online', '12:10:00', false, false, 'Cash', '{"items": [{"id": "98f1628a-39d2-4e83-82d7-db3674c535df", "name": "Cheesy Pork Floss", "photo": "https://www.boulangerie22.ph/Product/GetPhoto?barcode=ABI00005552", "price": 40000, "quantity": 1, "total_price": 40000}], "total_price": 40000}', '2025-05-08 13:58:25.365'),
    ('2358add4-efed-425e-9884-78a6c3b16847', 'a1b2c3d4-e5f6-4a5b-9c8d-1e2f3a4b5c6d', 'a06edc09-9be1-4e68-b399-b2453c35edfe', 'Completed', 'At store', '10:30:00', false, false, 'Cash', '{"items": [{"id": "6570ac93-9652-4348-a7ec-e252f38b591f", "name": "Sausage Danish", "photo": "https://abcbakery.co/wp-content/uploads/Bread07-.png", "price": 25000, "quantity": 1, "total_price": 25000}, {"id": "73602949-2c5b-42e9-b117-88521a4e84f7", "name": "Baguette Salad", "photo": "https://images.eatsmarter.com/sites/default/files/styles/max_size/public/baguette-topped-with-salad-625768.jpg", "price": 18000, "quantity": 1, "total_price": 18000}, {"id": "f19aa132-c8c0-4944-b6c0-4f094be56c82", "name": "Chocolate Bar Danish", "photo": "https://aihuebakery.vn/uploads/photos/2020/10/19/aihuebakery-mtt2s1603077538.jpg", "price": 29000, "quantity": 1, "total_price": 29000}, {"id": "f02645e6-d5c0-40c6-ac53-f984f7b13bfb", "name": "Brioche Rolls (4ct)", "photo": "https://od-prod-content.s3.us-east-2.amazonaws.com/10000281/menuItemMaster/images/774345.jpg", "price": 30000, "quantity": 1, "total_price": 30000}], "total_price": 102000}', '2025-04-18 14:55:18.549'),
    ('7a8c1606-0476-49e6-8d52-70a0bc81c9f3', 'a7b8c9d0-e1f2-0a1b-5c6d-7e8f9a0b1c2d', '109db7f7-52a2-41fd-bfa6-9637df5cc248', 'Processing', 'Online', '13:00:00', false, false, 'Cash', '{"items": [{"id": "15088721-6363-4466-91d1-d5930b45431b", "name": "Choux Cream", "photo": "https://www.theflavorbender.com/wp-content/uploads/2019/03/Salted-Caramel-Choux-au-Craquelin-9433.jpg", "price": 40000, "quantity": 1, "total_price": 40000}, {"id": "a316b0ef-cf16-44ed-b816-41a108a46d91", "name": "Taro Bun", "photo": "https://www.ohmyfoodrecipes.com/wp-content/uploads/2022/03/taro-buns-open.jpg", "price": 23000, "quantity": 3, "total_price": 69000}, {"id": "57c2eace-fd41-4442-8669-67ddba527247", "name": "Kulfi", "photo": "https://insanelygoodrecipes.com/wp-content/uploads/2022/10/Mochi-Ice-Cream.webp", "price": 15000, "quantity": 1, "total_price": 15000}, {"id": "42c9a13d-6838-4d22-8ba4-78810d49ab0b", "name": "Sorbet", "photo": "https://insanelygoodrecipes.com/wp-content/uploads/2022/10/Frozen-Yogurt-1.webp", "price": 25000, "quantity": 5, "total_price": 125000}], "total_price": 249000}', '2025-05-05 11:55:55.603'),
    ('16d0910b-03c1-4cc0-a4fb-f61a3f081337', 'b2c3d4e5-f6a7-5b6c-0d1e-2f3a4b5c6d7e', 'bd574b57-9ccd-4e9a-b7c5-2e35afbc513c', 'Completed', 'At store', '09:00:00', false, false, 'Cash', '{"items": [{"id": "4562622c-b08c-4379-8f0f-5ca5e0fd20dc", "name": "Chocolate Chip Bun", "photo": "https://foodandjourneys.net/wp-content/uploads/2021/07/German-Chocolate-Buns-Schokobrotchen.PIC6_.jpg", "price": 20000, "quantity": 1, "total_price": 20000}, {"id": "15088721-6363-4466-91d1-d5930b45431b", "name": "Choux Cream", "photo": "https://www.theflavorbender.com/wp-content/uploads/2019/03/Salted-Caramel-Choux-au-Craquelin-9433.jpg", "price": 40000, "quantity": 1, "total_price": 40000}, {"id": "c1b45824-43f5-4594-a9fa-c8e6922b199c", "name": "Sugar Mochi Donut", "photo": "https://od-prod-content.s3.us-east-2.amazonaws.com/10000281/menuItemMaster/images/837258.jpg", "price": 15000, "quantity": 1, "total_price": 15000}, {"id": "8273f73b-651e-41ed-b884-9166c6781737", "name": "Chocolate Cocoa", "photo": "https://trongduccacao.vn/files/upload/tin-tuc/cach-lam-socola-tu-bot-cacao-va-nhung-luu-y-khi-van-dung.jpg", "price": 17000, "quantity": 1, "total_price": 17000}, {"id": "02da5652-77a3-4f55-8118-06b5b118301a", "name": "Coconut Bun", "photo": "https://healthynibblesandbits.com/wp-content/uploads/2021/08/Coconut-Buns-3.jpg", "price": 24000, "quantity": 3, "total_price": 72000}], "total_price": 164000}', '2025-05-05 11:53:18.507'),
    ('c3478b53-226c-42ef-b4d2-a68617284485', 'd4e5f6a7-b8c9-7d8e-2f3a-4b5c6d7e8f9a', 'ff7b7703-bd86-4a78-8e87-adb745c628f9', 'Processing', 'Online', '17:30:00', false, false, 'Cash', '{"items": [{"id": "5e1dc672-5885-4d05-bc3e-f178b9c49a80", "name": "Carrot Cake", "photo": "https://static01.nyt.com/images/2020/11/01/dining/Carrot-Cake-textless/Carrot-Cake-textless-videoSixteenByNineJumbo1600.jpg", "price": 26000, "quantity": 1, "total_price": 26000}, {"id": "98d17d99-2018-4a87-a78b-afd8cfdecd39", "name": "Lemon Cream Cake", "photo": "https://addictedtodates.com/wp-content/uploads/2024/02/vegan-lemon-cake-with-lemon-cream-cheese-frosting.jpg", "price": 40000, "quantity": 1, "total_price": 40000}, {"id": "617db66b-184f-4203-a69f-9a1ed3313490", "name": "Passion Fruit Green Tea Macchiato", "photo": "https://d1u57wxxsxzpd6.cloudfront.net/cbdcab36-55e3-4aba-8fb2-1856009c3677_image.jpeg", "price": 28000, "quantity": 1, "total_price": 28000}, {"id": "6a0725e0-e2da-43c5-9162-01b46585dcf4", "name": "Strawberry Lychee Iced Tea", "photo": "https://www.arkadiabeverages.com.au/assets/main/RECIPES/_800xAUTO_crop_center-center_none/Strawberry-Lychee-Iced-Tea-recipe-thumb-350x350.png", "price": 27000, "quantity": 4, "total_price": 108000}, {"id": "617db66b-184f-4203-a69f-9a1ed3313490", "name": "Passion Fruit Green Tea Macchiato", "photo": "https://d1u57wxxsxzpd6.cloudfront.net/cbdcab36-55e3-4aba-8fb2-1856009c3677_image.jpeg", "price": 28000, "quantity": 10, "total_price": 280000}, {"id": "4562622c-b08c-4379-8f0f-5ca5e0fd20dc", "name": "Chocolate Chip Bun", "photo": "https://foodandjourneys.net/wp-content/uploads/2021/07/German-Chocolate-Buns-Schokobrotchen.PIC6_.jpg", "price": 20000, "quantity": 1, "total_price": 20000}, {"id": "c30429b2-db31-4d6c-86ed-0dce1ceddda5", "name": "Baguette", "photo": "https://od-prod-content.s3.us-east-2.amazonaws.com/10000281/menuItemMaster/images/773966.jpg", "price": 10000, "quantity": 1, "total_price": 10000}], "total_price": 512000}', '2025-05-05 11:55:04.54'),
    ('3e74b549-bd4f-4211-8ca3-eb6a79f0b249', 'f8a9b0c1-d2e3-1f2a-6b7c-8d9e0f1a2b3c', 'bd574b57-9ccd-4e9a-b7c5-2e35afbc513c', 'Rejected', 'At store', '16:30:00', false, false, 'Cash', '{"items": [{"id": "0acbe31d-a60f-4b29-8b46-e59fc2022d38", "name": "Egg Tart", "photo": "https://www.tastingtable.com/img/gallery/portuguese-egg-tart-recipe-pastry/intro-1641242937.webp", "price": 15000, "quantity": 1, "total_price": 15000}, {"id": "c1b45824-43f5-4594-a9fa-c8e6922b199c", "name": "Sugar Mochi Donut", "photo": "https://od-prod-content.s3.us-east-2.amazonaws.com/10000281/menuItemMaster/images/837258.jpg", "price": 15000, "quantity": 1, "total_price": 15000}, {"id": "e0bed506-0bb2-413e-8aca-f1b0dc78d5e4", "name": "Chocolate Croissant", "photo": "https://od-prod-content.s3.us-east-2.amazonaws.com/10000281/menuItemMaster/images/774103.jpg", "price": 15000, "quantity": 1, "total_price": 15000}], "total_price": 45000}', '2025-05-05 11:57:00.08'),
    ('49e83c1a-b25d-47e6-9f2d-8c15a6e32b74', 'f8a9b0c1-d2e3-1f2a-6b7c-8d9e0f1a2b3c', 'a06edc09-9be1-4e68-b399-b2453c35edfe', 'Completed', 'At store', '10:15:00', false, false, 'Credit Card', '{"items": [{"id": "8273f73b-651e-41ed-b884-9166c6781737", "name": "Chocolate Cocoa", "photo": "https://trongduccacao.vn/files/upload/tin-tuc/cach-lam-socola-tu-bot-cacao-va-nhung-luu-y-khi-van-dung.jpg", "price": 17000, "quantity": 2, "total_price": 34000}, {"id": "5e1dc672-5885-4d05-bc3e-f178b9c49a80", "name": "Carrot Cake", "photo": "https://static01.nyt.com/images/2020/11/01/dining/Carrot-Cake-textless/Carrot-Cake-textless-videoSixteenByNineJumbo1600.jpg", "price": 26000, "quantity": 1, "total_price": 26000}], "total_price": 60000}', '2025-01-12 09:25:37.182'),
    ('5b7d9e63-0a4c-4f18-bea3-c9f2d4e81a5b', 'b2c3d4e5-f6a7-5b6c-0d1e-2f3a4b5c6d7e', '109db7f7-52a2-41fd-bfa6-9637df5cc248', 'Processing', 'Online', '12:30:00', false, false, 'Cash', '{"items": [{"id": "98d17d99-2018-4a87-a78b-afd8cfdecd39", "name": "Lemon Cream Cake", "photo": "https://addictedtodates.com/wp-content/uploads/2024/02/vegan-lemon-cake-with-lemon-cream-cheese-frosting.jpg", "price": 40000, "quantity": 2, "total_price": 80000}, {"id": "6a0725e0-e2da-43c5-9162-01b46585dcf4", "name": "Strawberry Lychee Iced Tea", "photo": "https://www.arkadiabeverages.com.au/assets/main/RECIPES/_800xAUTO_crop_center-center_none/Strawberry-Lychee-Iced-Tea-recipe-thumb-350x350.png", "price": 27000, "quantity": 2, "total_price": 54000}], "total_price": 134000}', '2025-01-25 14:17:42.329'),
    ('67c4da1f-e358-42d1-b890-7a5e24cd6b38', 'a7b8c9d0-e1f2-0a1b-5c6d-7e8f9a0b1c2d', 'bd574b57-9ccd-4e9a-b7c5-2e35afbc513c', 'Processing', 'At store', '14:45:00', false, false, 'Digital Wallet', '{"items": [{"id": "02da5652-77a3-4f55-8118-06b5b118301a", "name": "Coconut Bun", "photo": "https://healthynibblesandbits.com/wp-content/uploads/2021/08/Coconut-Buns-3.jpg", "price": 24000, "quantity": 4, "total_price": 96000}], "total_price": 96000}', '2025-02-08 11:03:15.627'),
    ('83f5d72e-6c19-4ba7-a3df-9e28b057c4f1', 'd4e5f6a7-b8c9-7d8e-2f3a-4b5c6d7e8f9a', 'ff7b7703-bd86-4a78-8e87-adb745c628f9', 'Completed', 'At store', '09:20:00', true, false, 'Credit Card', '{"items": [{"id": "e0bed506-0bb2-413e-8aca-f1b0dc78d5e4", "name": "Chocolate Croissant", "photo": "https://od-prod-content.s3.us-east-2.amazonaws.com/10000281/menuItemMaster/images/774103.jpg", "price": 15000, "quantity": 3, "total_price": 45000}, {"id": "c30429b2-db31-4d6c-86ed-0dce1ceddda5", "name": "Baguette", "photo": "https://od-prod-content.s3.us-east-2.amazonaws.com/10000281/menuItemMaster/images/773966.jpg", "price": 10000, "quantity": 2, "total_price": 20000}], "total_price": 65000}', '2025-02-17 08:45:32.901'),
    ('91e46b8a-fd27-4c0b-b2e5-08d3a61f9c24', 'a1b2c3d4-e5f6-4a5b-9c8d-1e2f3a4b5c6d', 'bd574b57-9ccd-4e9a-b7c5-2e35afbc513c', 'Processing', 'Online', '18:00:00', false, false, 'Digital Wallet', '{"items": [{"id": "617db66b-184f-4203-a69f-9a1ed3313490", "name": "Passion Fruit Green Tea Macchiato", "photo": "https://d1u57wxxsxzpd6.cloudfront.net/cbdcab36-55e3-4aba-8fb2-1856009c3677_image.jpeg", "price": 28000, "quantity": 3, "total_price": 84000}, {"id": "4562622c-b08c-4379-8f0f-5ca5e0fd20dc", "name": "Chocolate Chip Bun", "photo": "https://foodandjourneys.net/wp-content/uploads/2021/07/German-Chocolate-Buns-Schokobrotchen.PIC6_.jpg", "price": 20000, "quantity": 2, "total_price": 40000}], "total_price": 124000}', '2025-03-05 17:22:18.423'),
    ('a2c8f0e5-b34d-4d17-9e6a-1f5b28c94d37', 'f8a9b0c1-d2e3-1f2a-6b7c-8d9e0f1a2b3c', '109db7f7-52a2-41fd-bfa6-9637df5cc248', 'Rejected', 'At store', '11:15:00', false, false, 'Cash', '{"items": [{"id": "15088721-6363-4466-91d1-d5930b45431b", "name": "Choux Cream", "photo": "https://www.theflavorbender.com/wp-content/uploads/2019/03/Salted-Caramel-Choux-au-Craquelin-9433.jpg", "price": 40000, "quantity": 1, "total_price": 40000}, {"id": "0acbe31d-a60f-4b29-8b46-e59fc2022d38", "name": "Egg Tart", "photo": "https://www.tastingtable.com/img/gallery/portuguese-egg-tart-recipe-pastry/intro-1641242937.webp", "price": 15000, "quantity": 2, "total_price": 30000}, {"id": "c1b45824-43f5-4594-a9fa-c8e6922b199c", "name": "Sugar Mochi Donut", "photo": "https://od-prod-content.s3.us-east-2.amazonaws.com/10000281/menuItemMaster/images/837258.jpg", "price": 15000, "quantity": 2, "total_price": 30000}], "total_price": 100000}', '2025-03-22 10:18:45.762'),
    ('b4d9e7f2-1c3a-48b5-9076-3e25d7f8c691', 'a7b8c9d0-e1f2-0a1b-5c6d-7e8f9a0b1c2d', 'a06edc09-9be1-4e68-b399-b2453c35edfe', 'Processing', 'At store', '13:40:00', false, false, 'Credit Card', '{"items": [{"id": "f02645e6-d5c0-40c6-ac53-f984f7b13bfb", "name": "Brioche Rolls (4ct)", "photo": "https://od-prod-content.s3.us-east-2.amazonaws.com/10000281/menuItemMaster/images/774345.jpg", "price": 30000, "quantity": 2, "total_price": 60000}, {"id": "6cf31891-0d5c-4c63-98d1-3dfff834089d", "name": "Sesame Baguette Salad", "photo": "https://www.kikkoman.com/en/cookbook/assets/img/00007044.jpg", "price": 25000, "quantity": 1, "total_price": 25000}], "total_price": 85000}', '2025-04-03 12:37:28.195'),
    ('c6e5d3b2-a190-4f87-bc24-5d71e9836a0f', 'b2c3d4e5-f6a7-5b6c-0d1e-2f3a4b5c6d7e', 'ff7b7703-bd86-4a78-8e87-adb745c628f9', 'Processing', 'Online', '15:50:00', false, false, 'Digital Wallet', '{"items": [{"id": "7ad82cbb-7360-45a9-a952-673d947b6b46", "name": "Sausage Bun", "photo": "https://www.elmundoeats.com/wp-content/uploads/2019/07/Chinese-Sausage-Bread.jpg", "price": 35000, "quantity": 2, "total_price": 70000}, {"id": "98f1628a-39d2-4e83-82d7-db3674c535df", "name": "Cheesy Pork Floss", "photo": "https://www.boulangerie22.ph/Product/GetPhoto?barcode=ABI00005552", "price": 40000, "quantity": 1, "total_price": 40000}, {"id": "6a0725e0-e2da-43c5-9162-01b46585dcf4", "name": "Strawberry Lychee Iced Tea", "photo": "https://www.arkadiabeverages.com.au/assets/main/RECIPES/_800xAUTO_crop_center-center_none/Strawberry-Lychee-Iced-Tea-recipe-thumb-350x350.png", "price": 27000, "quantity": 3, "total_price": 81000}], "total_price": 191000}', '2025-04-19 15:05:37.528'),
    ('d8f7e6c5-b4a3-4291-8d10-7e6f5d4c3b2a', 'd4e5f6a7-b8c9-7d8e-2f3a-4b5c6d7e8f9a', 'bd574b57-9ccd-4e9a-b7c5-2e35afbc513c', 'Completed', 'At store', '08:30:00', true, true, 'Cash', '{"items": [{"id": "a316b0ef-cf16-44ed-b816-41a108a46d91", "name": "Taro Bun", "photo": "https://www.ohmyfoodrecipes.com/wp-content/uploads/2022/03/taro-buns-open.jpg", "price": 23000, "quantity": 5, "total_price": 115000}, {"id": "57c2eace-fd41-4442-8669-67ddba527247", "name": "Kulfi", "photo": "https://insanelygoodrecipes.com/wp-content/uploads/2022/10/Mochi-Ice-Cream.webp", "price": 15000, "quantity": 2, "total_price": 30000}], "total_price": 145000}', '2025-05-01 07:49:11.874'),
    ('e9f1d0c2-8b7a-4365-90e8-2c1d3f5b4e7a', 'a1b2c3d4-e5f6-4a5b-9c8d-1e2f3a4b5c6d', '109db7f7-52a2-41fd-bfa6-9637df5cc248', 'Processing', 'At store', '17:10:00', false, false, 'Credit Card', '{"items": [{"id": "f19aa132-c8c0-4944-b6c0-4f094be56c82", "name": "Chocolate Bar Danish", "photo": "https://aihuebakery.vn/uploads/photos/2020/10/19/aihuebakery-mtt2s1603077538.jpg", "price": 29000, "quantity": 3, "total_price": 87000}, {"id": "42c9a13d-6838-4d22-8ba4-78810d49ab0b", "name": "Sorbet", "photo": "https://insanelygoodrecipes.com/wp-content/uploads/2022/10/Frozen-Yogurt-1.webp", "price": 25000, "quantity": 2, "total_price": 50000}, {"id": "5e1dc672-5885-4d05-bc3e-f178b9c49a80", "name": "Carrot Cake", "photo": "https://static01.nyt.com/images/2020/11/01/dining/Carrot-Cake-textless/Carrot-Cake-textless-videoSixteenByNineJumbo1600.jpg", "price": 26000, "quantity": 1, "total_price": 26000}], "total_price": 163000}', '2025-05-09 16:32:55.215');

-- Feedback Table
CREATE TABLE feedback (
    id UUID NOT NULL PRIMARY KEY DEFAULT gen_random_uuid(),
    customer_id UUID NOT NULL REFERENCES customer(id) ON DELETE CASCADE ON UPDATE CASCADE,
    branch_id UUID NOT NULL REFERENCES branch(id) ON DELETE CASCADE ON UPDATE CASCADE,
    type VARCHAR(255) NOT NULL,
    content TEXT NOT NULL,
    status VARCHAR(10) NOT NULL DEFAULT 'Pending', 
    solved_by UUID REFERENCES member_information(id) ON DELETE CASCADE ON UPDATE CASCADE,
    updated_at TIMESTAMP,
    date_added TIMESTAMP DEFAULT CURRENT_TIMESTAMP
);

-- Feedbacks
INSERT INTO feedback (id, customer_id, branch_id, type, content, status, solved_by, updated_at) VALUES
    (gen_random_uuid(), 'a1b2c3d4-e5f6-4a5b-9c8d-1e2f3a4b5c6d', '109db7f7-52a2-41fd-bfa6-9637df5cc248', 'Complaint', 'The red velvet cake I ordered was dry and the frosting had an artificial taste. I was really disappointed as this was for my daughter''s birthday.', 'Resolved', 'a1c3e5a7-b2d4-f6a8-a0a2-a4a6a8a0a2a4', '2025-05-01 14:23:45'),
    (gen_random_uuid(), 'b2c3d4e5-f6a7-5b6c-0d1e-2f3a4b5c6d7e', 'ff7b7703-bd86-4a78-8e87-adb745c628f9', 'Suggestion', 'Have you considered adding more vegan options to your menu? I love your coffee but can''t enjoy any of your pastries as a vegan customer.', 'Pending', NULL, NULL),
    (gen_random_uuid(), 'c3d4e5f6-a7b8-6c7d-1e2f-3a4b5c6d7e8f', 'bd574b57-9ccd-4e9a-b7c5-2e35afbc513c', 'Complaint', 'I waited over 45 minutes for my order when the shop wasn''t even busy. The staff seemed unorganized and didn''t apologize for the wait.', 'Resolved', 'c3e5a7c9-d0e2-f4a6-b8c0-d2e4f6a8b0c2', '2025-05-03 09:15:22'),
    (gen_random_uuid(), 'd4e5f6a7-b8c9-7d8e-2f3a-4b5c6d7e8f9a', 'a06edc09-9be1-4e68-b399-b2453c35edfe', 'Suggestion', 'Your coffee is amazing! I wish you would offer a coffee subscription service so I could have it delivered to my home regularly.', 'Pending', NULL, NULL),
    (gen_random_uuid(), 'e5f6a7b8-c9d0-8e9f-3a4b-5c6d7e8f9a0b', '109db7f7-52a2-41fd-bfa6-9637df5cc248', 'Complaint', 'Found a hair in my chocolate mousse cake. This is unacceptable for the premium prices you charge.', 'Resolved', 'f6b8d0f6-a8b0-c2d4-e6f8-a0b2c4d6e8f0', '2025-04-30 16:45:12'),
    (gen_random_uuid(), 'f6a7b8c9-d0e1-9f0a-4b5c-6d7e8f9a0b1c', 'ff7b7703-bd86-4a78-8e87-adb745c628f9', 'Suggestion', 'Your pastries are delicious but the portions are too large for one person. Have you thought about offering mini versions?', 'Pending', NULL, NULL),
    (gen_random_uuid(), 'a7b8c9d0-e1f2-0a1b-5c6d-7e8f9a0b1c2d', 'bd574b57-9ccd-4e9a-b7c5-2e35afbc513c', 'Complaint', 'The WiFi in your cafe is extremely slow. As someone who likes to work while enjoying coffee, this is a big drawback for me.', 'Resolved', 'c5d7e9c5-d8e0-f2a4-b6c8-d0e2f4a6b8c0', '2025-05-02 11:33:56'),
    (gen_random_uuid(), 'b8c9d0e1-f2a3-1b2c-6d7e-8f9a0b1c2d3e', 'a06edc09-9be1-4e68-b399-b2453c35edfe', 'Suggestion', 'Would love to see seasonal specials that incorporate local fruits and ingredients!', 'Pending', NULL, NULL),
    (gen_random_uuid(), 'c9d0e1f2-a3b4-2c3d-7e8f-9a0b1c2d3e4f', '109db7f7-52a2-41fd-bfa6-9637df5cc248', 'Complaint', 'The music was so loud that my friends and I couldn''t have a conversation. Please consider lowering the volume.', 'Resolved', 'e5a7c9e5-f4a6-b8c0-d2e4-f6a8b0c2d4e6', '2025-05-04 15:18:42'),
    (gen_random_uuid(), 'd0e1f2a3-b4c5-3d4e-8f9a-0b1c2d3e4f5a', 'ff7b7703-bd86-4a78-8e87-adb745c628f9', 'Suggestion', 'I think you should consider offering afternoon tea sets with finger sandwiches and assorted pastries.', 'Pending', NULL, NULL),
    (gen_random_uuid(), 'e1f2a3b4-c5d6-4e5f-9a0b-1c2d3e4f5a6b', 'bd574b57-9ccd-4e9a-b7c5-2e35afbc513c', 'Complaint', 'I ordered a cappuccino and received a latte instead. When I pointed this out, the barista was rude and insisted it was correct.', 'Resolved', 'd6e8f0d6-e0f2-a4b6-c8d0-e2f4a6b8c0d2', '2025-05-05 08:25:37'),
    (gen_random_uuid(), 'f2a3b4c5-d6e7-5f6a-0b1c-2d3e4f5a6b7c', 'a06edc09-9be1-4e68-b399-b2453c35edfe', 'Suggestion', 'Have you thought about hosting cake decorating workshops? I would definitely sign up!', 'Pending', NULL, NULL),
    (gen_random_uuid(), 'a3b4c5d6-e7f8-6a7b-1c2d-3e4f5a6b7c8d', '109db7f7-52a2-41fd-bfa6-9637df5cc248', 'Complaint', 'My table wasn''t cleaned when I sat down, and there were dirty dishes left from previous customers.', 'Resolved', 'b8d0f2b8-c2d4-e6f8-a0b2-c4d6e8f0a2b4', '2025-05-01 09:45:12'),
    (gen_random_uuid(), 'b4c5d6e7-f8a9-7b8c-2d3e-4f5a6b7c8d9e', 'ff7b7703-bd86-4a78-8e87-adb745c628f9', 'Suggestion', 'Please consider extending your opening hours on weekends. It would be great to come in for late dessert after dinner.', 'Pending', NULL, NULL),
    (gen_random_uuid(), 'c5d6e7f8-a9b0-8c9d-3e4f-5a6b7c8d9e0f', 'bd574b57-9ccd-4e9a-b7c5-2e35afbc513c', 'Complaint', 'The tiramisu had way too much alcohol in it. It completely overpowered the coffee flavor and was almost unpleasant to eat.', 'Resolved', 'a3b5c7a3-b4c6-d8e0-f2a4-b6c8d0e2f4a6', '2025-05-06 10:12:48'),
    (gen_random_uuid(), 'd6e7f8a9-b0c1-9d0e-4f5a-6b7c8d9e0f1a', 'a06edc09-9be1-4e68-b399-b2453c35edfe', 'Suggestion', 'Your cafe would benefit from a loyalty program. I come here 3 times a week and would appreciate some perks for my regular business.', 'Pending', NULL, NULL),
    (gen_random_uuid(), 'e7f8a9b0-c1d2-0e1f-5a6b-7c8d9e0f1a2b', '109db7f7-52a2-41fd-bfa6-9637df5cc248', 'Complaint', 'I found a small piece of plastic in my cheese danish. This is concerning and made me question your food safety practices.', 'Resolved', 'a7c9e1a7-b0c2-d4e6-f8a0-b2c4d6e8f0a2', '2025-05-03 17:22:31'),
    (gen_random_uuid(), 'f8a9b0c1-d2e3-1f2a-6b7c-8d9e0f1a2b3c', 'ff7b7703-bd86-4a78-8e87-adb745c628f9', 'Suggestion', 'It would be nice to offer smaller cake sizes for couples or individuals who don''t want to commit to a full-sized cake.', 'Pending', NULL, NULL),
    (gen_random_uuid(), 'a9b0c1d2-e3f4-2a3b-7c8d-9e0f1a2b3c4d', 'bd574b57-9ccd-4e9a-b7c5-2e35afbc513c', 'Complaint', 'The air conditioning was so cold that I had to put on my jacket. Please adjust the temperature to a comfortable level.', 'Resolved', 'b4c6d8b4-c6d8-e0f2-a4b6-c8d0e2f4a6b8', '2025-04-30 12:58:19'),
    (gen_random_uuid(), 'b0c1d2e3-f4a5-3b4c-8d9e-0f1a2b3c4d5e', 'a06edc09-9be1-4e68-b399-b2453c35edfe', 'Suggestion', 'Your pastries are wonderful! Have you considered offering baking classes or sharing some simple recipes on your website?', 'Pending', NULL, NULL);

-- Product Table
CREATE TABLE product (
    id UUID NOT NULL PRIMARY KEY DEFAULT gen_random_uuid(),
    brand_id UUID NOT NULL REFERENCES brand(id) ON DELETE CASCADE ON UPDATE CASCADE,
    name VARCHAR(255) NOT NULL,
    type VARCHAR(255) NOT NULL,
    description TEXT NOT NULL,
    price INTEGER NOT NULL,
    photo TEXT NOT NULL,
    stock INTEGER NOT NULL,
    date_added TIMESTAMP DEFAULT CURRENT_TIMESTAMP
);

INSERT INTO product (id, brand_id, name, type, description, price, photo, stock) VALUES
    (gen_random_uuid(), '68b50680-d17d-4470-b2cf-306dd234e982', 'Baguette Salad', 'Bread', 'Look small? But you cannot imagine how many ingredients it have. Jambon, carrot, corn, cabbage, cucumber and mayonnaise sauce.', 18000, 'https://images.eatsmarter.com/sites/default/files/styles/max_size/public/baguette-topped-with-salad-625768.jpg', 42),
    (gen_random_uuid(), '68b50680-d17d-4470-b2cf-306dd234e982', 'Sesame Baguette Salad', 'Bread', 'Go along with the soft sesame bread is ham, cheese and fresh lettuce and tomato.', 25000, 'https://www.kikkoman.com/en/cookbook/assets/img/00007044.jpg', 67),
    (gen_random_uuid(), '68b50680-d17d-4470-b2cf-306dd234e982', 'Sausage Danish', 'Bread', 'The crispy danish skin inside with chunky sausage and more extra flavor by chicken floss and mayonnaise sauce.', 25000, 'https://hips.hearstapps.com/redonline/main/thumbs/2358/1380279143-nigel-slater-s-sausage-danish-eat-jonathan-lovekin.jpg', 56),
    (gen_random_uuid(), '68b50680-d17d-4470-b2cf-306dd234e982', 'Brioche Rolls (4ct)', 'Bread', 'Contains: Wheat four, eggs, butter, milk.', 30000, 'https://od-prod-content.s3.us-east-2.amazonaws.com/10000281/menuItemMaster/images/774345.jpg', 31),
    (gen_random_uuid(), '68b50680-d17d-4470-b2cf-306dd234e982', 'Sausage Bun', 'Bread', 'Small size flavorful pizza with sausage, minced jambon and melted cheese.', 35000, 'https://www.elmundoeats.com/wp-content/uploads/2019/07/Chinese-Sausage-Bread.jpg', 78),
    (gen_random_uuid(), '68b50680-d17d-4470-b2cf-306dd234e982', 'Cheesy Pork Floss', 'Bread', 'Fresh bread, combine with tasty floss and creamy slightly mayonnaise.', 40000, 'https://www.boulangerie22.ph/Product/GetPhoto?barcode=ABI00005552', 45),
    (gen_random_uuid(), '68b50680-d17d-4470-b2cf-306dd234e982', 'Baguette', 'Bread', 'The golden baguette with crispy skin outside and moist inside.', 10000, 'https://od-prod-content.s3.us-east-2.amazonaws.com/10000281/menuItemMaster/images/773966.jpg', 92),
    (gen_random_uuid(), '68b50680-d17d-4470-b2cf-306dd234e982', 'Apple Pie', 'Pastries', 'Indulge in the rich flavors of our Apple Pie with a perfect blend of wheat flour, luscious apple pie filling, and a tantalizing glaze. The golden crust and delightful ingredients make each bite a heavenly experience.', 19000, 'https://od-prod-content.s3.us-east-2.amazonaws.com/10000281/menuItemMaster/images/774394.jpg', 83),
    (gen_random_uuid(), '68b50680-d17d-4470-b2cf-306dd234e982', 'Chocolate Bar Danish', 'Pastries', 'A perfect treat for chocolate lovers, this pastry promises a delightful blend of flaky pastry and rich chocolate flavor.', 29000, 'https://down-sg.img.susercontent.com/file/sg-11134201-22100-pnsua681ixivac', 51),
    (gen_random_uuid(), '68b50680-d17d-4470-b2cf-306dd234e982', 'Blueberry Mung Bean Bun', 'Pastries', 'The beautiful and sweet blueberry jam with soft and delicious mung bean bun is such a perfect two.', 31000, 'https://thequaintkitchen.com/wp-content/uploads/2020/09/Untitled-design-35-500x500.png', 35),
    (gen_random_uuid(), '68b50680-d17d-4470-b2cf-306dd234e982', 'Taro Bun', 'Pastries', 'The savory and unique taste of taro will be more fantastic with those almond slices.', 23000, 'https://www.ohmyfoodrecipes.com/wp-content/uploads/2022/03/taro-buns-open.jpg', 64),
    (gen_random_uuid(), '68b50680-d17d-4470-b2cf-306dd234e982', 'Chocolate Chip Bun', 'Pastries', 'Feel the unforgettable chocolate flavored in each bite.', 20000, 'https://foodandjourneys.net/wp-content/uploads/2021/07/German-Chocolate-Buns-Schokobrotchen.PIC6_.jpg', 99),
    (gen_random_uuid(), '68b50680-d17d-4470-b2cf-306dd234e982', 'Custard Wormie Bread', 'Pastries', 'Do you want to try this plump, fluffy custard wormie?', 32000, 'https://cdn.store-assets.com/s/630301/i/20102376.jpg?width=1024&format=webp', 27),
    (gen_random_uuid(), '68b50680-d17d-4470-b2cf-306dd234e982', 'Coconut Bun', 'Pastries', 'With the special sweet and rich taste of coconut go along the soft fresh bread make a perfect combination.', 24000, 'https://healthynibblesandbits.com/wp-content/uploads/2021/08/Coconut-Buns-3.jpg', 59),
    (gen_random_uuid(), '68b50680-d17d-4470-b2cf-306dd234e982', 'Choux Cream', 'Pastries', 'The light, fluffy and creamy choux cream match made in food heaven.', 40000, 'https://www.theflavorbender.com/wp-content/uploads/2019/03/Salted-Caramel-Choux-au-Craquelin-9433.jpg', 46),
    (gen_random_uuid(), '68b50680-d17d-4470-b2cf-306dd234e982', 'Croissant', 'Pastries', 'Taste croissant with the crunchiness of skin and softness of interior.', 12000, 'https://od-prod-content.s3.us-east-2.amazonaws.com/10000281/menuItemMaster/images/774383.jpg', 87),
    (gen_random_uuid(), '68b50680-d17d-4470-b2cf-306dd234e982', 'Chocolate Croissant', 'Pastries', 'A perfect treat for chocolate lovers, this pastry promises a delightful blend of flaky pastry and rich chocolate flavor.', 15000, 'https://od-prod-content.s3.us-east-2.amazonaws.com/10000281/menuItemMaster/images/774103.jpg', 74),
    (gen_random_uuid(), '68b50680-d17d-4470-b2cf-306dd234e982', 'Egg Tart', 'Pastries', 'Enjoy the delightful combination of a tart shell, egg, and milk in every bite of our Egg Tart. A perfect balance of flavors that will leave you wanting more.', 15000, 'https://www.tastingtable.com/img/gallery/portuguese-egg-tart-recipe-pastry/intro-1641242937.webp', 63),
    (gen_random_uuid(), '68b50680-d17d-4470-b2cf-306dd234e982', 'Sugar Mochi Donut', 'Pastries', 'Delight in the unique combination of tapioca starch, sugar, egg, milk, and wheat in our Sugar Mochi Donut. A mouthwatering treat that brings together the best of sweet and chewy textures. ', 15000, 'https://od-prod-content.s3.us-east-2.amazonaws.com/10000281/menuItemMaster/images/837258.jpg', 41),
    (gen_random_uuid(), '68b50680-d17d-4470-b2cf-306dd234e982', 'Orange Vani', 'Cake Slice', 'Feel the orange flavored blended with rich, creamy mousse and soft sponge cake.', 18000, 'https://png.pngtree.com/png-vector/20240203/ourlarge/pngtree-orange-vanilla-ice-cream-free-png-png-image_11596688.png', 36),
    (gen_random_uuid(), '68b50680-d17d-4470-b2cf-306dd234e982', 'Blueberry Vani', 'Cake Slice', 'Four layers cake by two solf, fresh sponge cake layers, rich creamy mousse layer and last but not least is the devilishly good blueberry mousse layer.', 25000, 'https://trufflenation.com/wp-content/uploads/2023/05/Pistachio-2-1.jpg', 29),
    (gen_random_uuid(), '68b50680-d17d-4470-b2cf-306dd234e982', 'Strawberry Dome', 'Cake Slice', 'The yummy dome made from sweet mousse and lovely fresh milk cream.', 27000, 'https://media01.stockfood.com/largepreviews/MTg2Njc1NzkzOA==/60217998-Strawberry-dome-tartlets.jpg', 48),
    (gen_random_uuid(), '68b50680-d17d-4470-b2cf-306dd234e982', 'Chocolate Cocoa', 'Cake Slice', 'Experience the perfection flavor from fresh sponge cake, fluffy mousse and enjoyable chocolate.', 17000, 'https://trongduccacao.vn/files/upload/tin-tuc/cach-lam-socola-tu-bot-cacao-va-nhung-luu-y-khi-van-dung.jpg', 72),
    (gen_random_uuid(), '68b50680-d17d-4470-b2cf-306dd234e982', 'Carrot Cake', 'Cake Slice', 'With the combination between carrot, walnuts, unsalted butter and cheese just fit enough for a queen.', 26000, 'https://static01.nyt.com/images/2020/11/01/dining/Carrot-Cake-textless/Carrot-Cake-textless-videoSixteenByNineJumbo1600.jpg', 39),
    (gen_random_uuid(), '68b50680-d17d-4470-b2cf-306dd234e982', 'Mini Black Forest', 'Cake Slice', 'The small size of black forest but still keep the characteristic flavor from the big one.', 21000, 'https://encrypted-tbn0.gstatic.com/images?q=tbn:ANd9GcSAGOu5m3lc2EHWLvY-6sVziDv_qmj-O7TD4Q&s', 55),
    (gen_random_uuid(), '68b50680-d17d-4470-b2cf-306dd234e982', 'Marble Cheesecake', 'Cake Slice', 'Rich flavor from anchor cheese combine with the sweet of white and black chocolate created an unbeatable marble cheesecake.', 26000, 'https://thecozyplum.com/wp-content/uploads/2022/07/1x1-chocolate-marble-cheesecake-1.jpg', 33),
    (gen_random_uuid(), '68b50680-d17d-4470-b2cf-306dd234e982', 'Lemon Cream Cake', 'Cake Slice', 'The small cream cake with light lemon flavor will fresh all you senses.', 40000, 'https://addictedtodates.com/wp-content/uploads/2024/02/vegan-lemon-cake-with-lemon-cream-cheese-frosting.jpg', 28),
    (gen_random_uuid(), '68b50680-d17d-4470-b2cf-306dd234e982', 'Chocolate Almond Cake', 'Cake Slice', 'Made from moist brown and black sponge cake, with dark chocolate and sliced almond will bring along the sweetness flavor with you.', 14000, 'https://cravingsjournal.com/wp-content/uploads/2020/06/almond-chocolate-cake-4.jpg', 91),
    (gen_random_uuid(), '68b50680-d17d-4470-b2cf-306dd234e982', 'Icecream Cheesecake', 'Cheesecake', 'Icecream Cheesecake is the perfect choice for any moment, whether it''s a birthday, anniversary, or just a special gift for your loved ones. Try Icecream Cheesecake today and experience the perfect combination of flavor and texture.', 18000, 'https://jamiegeller.com/.image/c_limit,cs_srgb,q_auto:good,w_700/MTY1NTI1MTg2Mzg3NzgxMTU4/ice-cream-cheesecake-pie-82jpg.webp', 47),
    (gen_random_uuid(), '68b50680-d17d-4470-b2cf-306dd234e982', 'Cheeseo', 'Cheesecake', 'Made with the main ingredient being cheese, this cake is suitable for both hot and cold consumption. However, Vanie Nguyen recommends serving it cold to enhance the dense cheese flavor.', 25000, 'https://vaniebakery.com/wp-content/uploads/2020/08/cheeseo-800x800.png.webp', 61),
    (gen_random_uuid(), '68b50680-d17d-4470-b2cf-306dd234e982', 'Tiramisu', 'Cheesecake', 'Tiramisu is a classic Italian dessert that has become popular worldwide. It features coffee-flavored layers of sponge cake soaked in espresso and rum, and a premium cream made from mascarpone cheese, eggs, and sugar. It also includes cocoa powder for a sweet contrast.', 27000, 'https://vaniebakery.com/wp-content/uploads/2022/02/IMG_6911.png', 52),
    (gen_random_uuid(), '68b50680-d17d-4470-b2cf-306dd234e982', 'Tofu Cheesecake', 'Cheesecake', 'This cake has a fascinating creamy texture and interesting flavor. Soybeans, the main ingredient, provide protein, fiber, and antioxidants that may help protect against cancer and heart disease.', 21000, 'https://2.bp.blogspot.com/-AsOaYXfosa8/VD50FSeAF5I/AAAAAAAAAE0/8kwKjqSQl3A/s1600/Tofu%2BCheeseCake.jpg', 77),
    (gen_random_uuid(), '68b50680-d17d-4470-b2cf-306dd234e982', 'Strawberry Tart Cheese', 'Cheesecake', 'The first highlight of Tart Cheese Strawberry is a collection of beautiful fresh strawberries on the cake''s surface, not only creating an attractive appearance but also ensuring a delightful eating experience. Strawberries are rich in antioxidants, vitamin C, and fiber, offering many health benefits.', 30000, 'https://vaniebakery.com/wp-content/uploads/2020/07/tart-cheese-dau.png', 38),
    (gen_random_uuid(), '68b50680-d17d-4470-b2cf-306dd234e982', 'Japanese Cotton Cheesecake', 'Cheesecake', 'Every Japanese Cotton Cheesecake is served with fresh whole strawberries, a fruit available year-round and rich in vitamin C, fiber, and antioxidants. They create an explosion of color and flavor, making the cake even more enticing and satisfying.', 45000, 'https://runawayrice.com/wp-content/uploads/2014/05/Cotton-Cheesecake-Japanese-Cheesecake.jpg', 25),
    (gen_random_uuid(), '68b50680-d17d-4470-b2cf-306dd234e982', 'Mango Cheese Bathed Buns', 'Cheesecake', 'Unique cream cheese with a fragrant mango taste on the tip of the tongue, ensuring a creamy and satisfying cheese aftertaste. The addition of mango jelly and pure mango sauce with its shiny yellow color adds an impressive touch to the taste buds.', 39000, 'https://vaniebakery.com/wp-content/uploads/2023/05/IMG_4344-800x800.png.webp', 44),
    (gen_random_uuid(), '68b50680-d17d-4470-b2cf-306dd234e982', 'Mushroom Sauce', 'Bread', 'Delicious bread baked come from irresistible mushroom sauce and ham.', 34000, 'https://www.recipetineats.com/wp-content/uploads/2018/09/Creamy-Mushroom-Sauce_3.jpg?resize=650,910', 57),
    (gen_random_uuid(), '68b50680-d17d-4470-b2cf-306dd234e982', 'Pizza', 'Bread', 'On top of the soft, airy dough is wonderful rich cheese, sausage and green bell pepper.', 42000, 'https://static.promediateknologi.id/crop/0x0:0x0/0x0/webp/photo/p2/94/2023/10/02/Snapinstaapp_383855421_1711116049313714_84421771234308923_n_1080-2136112196.jpg', 69),
    (gen_random_uuid(), '68b50680-d17d-4470-b2cf-306dd234e982', 'Pepsi', 'Drinks', 'Pepsi Drink', 17000, 'https://product.hstatic.net/1000141988/product/nuoc_ngot_pepsi_lon_320_ml_415ef91bdb15487ab3079155c3635f66.jpg', 100),
    (gen_random_uuid(), '68b50680-d17d-4470-b2cf-306dd234e982', '7-UP', 'Drinks', '7-UP Drink', 17000, 'https://product.hstatic.net/1000141988/product/nuoc_ngot_7up_huong_chanh_lon_330_ml_63d1cee15d314dc39522d5e83784d4d4.jpg', 96),
    (gen_random_uuid(), '68b50680-d17d-4470-b2cf-306dd234e982', 'Strawberry Lychee Iced Tea', 'Drinks', 'The combination of lychee, orange and strawberry along with the cool aroma of tea will help you beat the summer heat. These are all toppings that are quite easy to eat, full of sweetness, sourness and aroma, creating a drink that blends all the colors and flavors worth enjoying with your friends.', 27000, 'https://www.arkadiabeverages.com.au/assets/main/RECIPES/_800xAUTO_crop_center-center_none/Strawberry-Lychee-Iced-Tea-recipe-thumb-350x350.png', 82),
    (gen_random_uuid(), '68b50680-d17d-4470-b2cf-306dd234e982', 'Lychee Green Tea Freeze', 'Drinks', 'Different from a traditional cup of lychee tea, in this drink you will clearly feel the characteristic taste of green tea combined with pureed and cooled lychee, adding a layer of floating foam on the surface that everyone will love.', 35000, 'https://dvpmarket.com/resources/uploads/thang_102019/tra-vai-green-lychee.jpg', 73),
    (gen_random_uuid(), '68b50680-d17d-4470-b2cf-306dd234e982', 'Passion Fruit Green Tea Macchiato', 'Drinks', 'Beat the heat with the brand new sweet and sour tropical flavour combined with the smooth and creamy macchiato cream~', 28000, 'https://d1u57wxxsxzpd6.cloudfront.net/cbdcab36-55e3-4aba-8fb2-1856009c3677_image.jpeg', 89),
    (gen_random_uuid(), '68b50680-d17d-4470-b2cf-306dd234e982', 'Red Dragon Fruit & Pineapple', 'Drinks', 'It''s blended with Jasmine Green Tea, topped with aloe and cheese foam. It''s pretty and refreshing without being overly sweet. (No syrup added)', 33000, 'https://cl-drupal.orientaltrading.com/sites/default/files/recipes/hero/desktop/2x/pineapple-dragon-fruit-smoothie_hero.jpg', 65),
    (gen_random_uuid(), '68b50680-d17d-4470-b2cf-306dd234e982', 'Gelato', 'Ice Cream', 'This cold treat is creamy, decadent, and melt-in-your-mouth delicious. Essentially, it''s richer and denser than other ice cream types. Plus, it has less sugar and is lower in fat, making it perfect for indulging.', 19000, 'https://insanelygoodrecipes.com/wp-content/uploads/2022/10/Sherbet.webp', 50),
    (gen_random_uuid(), '68b50680-d17d-4470-b2cf-306dd234e982', 'Sherbet', 'Ice Cream', 'It''s a bit fizzy, a little sweet, and a whole lot of fun!  This frozen treat comes in different flavors and is perfect if you want sweet-tart combos.', 15000, 'https://insanelygoodrecipes.com/wp-content/uploads/2022/10/Sorbet.webp', 43),
    (gen_random_uuid(), '68b50680-d17d-4470-b2cf-306dd234e982', 'Sorbet', 'Ice Cream', 'This frozen delight has little to no dairy. Instead, it features a mix of fruit juice or purée, sweetened water, and egg whites.  It''s perfect if you want a boozy kick to your cold dessert. You can add a drizzle of wine or liqueur for the perfect party treat.', 25000, 'https://insanelygoodrecipes.com/wp-content/uploads/2022/10/Frozen-Yogurt-1.webp', 37),
    (gen_random_uuid(), '68b50680-d17d-4470-b2cf-306dd234e982', 'Frozen Yogurt', 'Ice Cream', 'Frozen yogurt has an array of flavors that you can enjoy.  Whether you want something indulgent or something fruity, this cold treat is a perfect choice.', 20000, 'https://insanelygoodrecipes.com/wp-content/uploads/2022/10/Soft-Serve.webp', 84),
    (gen_random_uuid(), '68b50680-d17d-4470-b2cf-306dd234e982', 'Soft Serve', 'Ice Cream', 'It''s sometimes called "whipped ice cream," or "frozen custard." Either way, it typically features milk, ice, and flavorings churned with air.  It has a smooth, fluffy texture that pairs perfectly with sweet syrups and other toppings.  Soft serve ice cream melts in your mouth with absolute indulgence. ', 10000, 'https://insanelygoodrecipes.com/wp-content/uploads/2022/10/Ice-Popsicle.webp', 95),
    (gen_random_uuid(), '68b50680-d17d-4470-b2cf-306dd234e982', 'Kulfi', 'Ice Cream', 'Kulfi is a traditional Indian dessert made from milk, sugar, nuts, and fruit.  It''s infused with rich flavors and spices like saffron, cardamom, and rosewater, making it unique.  The rich, creamy goodness of kulfi makes it perfect if you love indulging in a treat.  And it has a satisfying crunch from the nuts that cuts through the dense texture.', 15000, 'https://insanelygoodrecipes.com/wp-content/uploads/2022/10/Mochi-Ice-Cream.webp', 53);

-- Blog Table
CREATE TABLE blog (
    id UUID NOT NULL PRIMARY KEY DEFAULT gen_random_uuid(),
    staff_id UUID NOT NULL REFERENCES staff(id) ON DELETE CASCADE ON UPDATE CASCADE,
    content TEXT NOT NULL,
    title TEXT NOT NULL,
    photo JSONB DEFAULT '{}',
    status VARCHAR(50),
    date_added TIMESTAMP DEFAULT CURRENT_TIMESTAMP
);

INSERT INTO blog (id, staff_id, content, title, photo, status) VALUES 
    (gen_random_uuid(), 'aa1bb2cc-3dd4-4ee5-ff66-77a88b99cc00', 'Coffee is more than just a morning beverage—it''s an art form. At our café, we source beans from sustainable farms across Ethiopia, Colombia, and Brazil. Each batch is carefully roasted to bring out unique flavor profiles, from fruity and bright to deep chocolate notes. Our baristas are trained to perfect the extraction process, ensuring each cup offers the ultimate coffee experience. Come explore our seasonal single-origin offerings and discover why our customers call us the hidden gem of the neighborhood.', 'The Art of Coffee: From Bean to Cup', '["https://upload.wikimedia.org/wikipedia/commons/e/e4/Latte_and_dark_coffee.jpg", "https://upload.wikimedia.org/wikipedia/commons/4/45/A_small_cup_of_coffee.JPG"]', 'Active'),
    (gen_random_uuid(), 'bb2cc3dd-4ee5-5ff6-6aa7-7bb88c99d00e', 'We''re excited to announce our new pastry chef, Maria Gonzalez, who joins us with over 15 years of experience in French patisserie. Maria trained at Le Cordon Bleu and has worked in Michelin-starred restaurants across Europe. Her signature creations include cloud-like croissants, delicate fruit tarts, and innovative seasonal pastries that blend traditional techniques with modern flavors. Stop by this weekend to sample her introductory menu featuring lavender honey madeleines and dark chocolate kouign-amann.', 'Welcome to Our New Pastry Chef', '["https://parade.com/.image/t_share/MTkwNTgwOTIyMzMwNzIwMTI0/maria-mazon-top-chef.jpg", "https://bloximages.chicago2.vip.townnews.com/tucson.com/content/tncms/assets/v3/editorial/f/6b/f6b0c1dc-ce21-11eb-badb-c38dcdbb459c/60c91e24e23b8.image.jpg?crop=999%2C563%2C0%2C0"]', 'Inactive'),
    (gen_random_uuid(), 'cc3dd4ee-5ff6-6aa7-7bb8-8cc99d00e11f', 'This summer, beat the heat with our new lineup of cold brew creations! We''ve perfected our 18-hour steeping process to create a smooth, low-acidity base that serves as the foundation for innovative drinks. Try our Coconut Cold Brew infused with house-made coconut cream, the Citrus Splash with orange and lemon essence, or our signature Maple Vanilla blend. Each cold brew is available with dairy or plant-based milk alternatives. Take advantage of our summer special: buy five cold brews and get the sixth free!', 'Summer Cold Brew Specials Launch This Week', '["https://welovedelish.com/wp-content/uploads/Lineup-of-assorted-flavours-of-cold-brews_online.jpg", "https://cdn.shopify.com/s/files/1/0723/7392/8213/files/DSC_0281-Recovered-1-1024x719.jpg?v=1686054576"]', 'Inactive'),
    (gen_random_uuid(), 'dd4ee5ff-6aa7-7bb8-8cc9-9dd00e11f22a', 'What makes the perfect cake? Is it the moistness of the crumb, the balance of flavors, or the artistry of decoration? At our bakery, we believe it''s the harmony of all three, plus the joy it brings to those who share it. Our head baker shares insights into our baking philosophy, explaining how temperature control, ingredient quality, and patience contribute to creating memorable desserts. Learn why we crack eggs at room temperature, why European butter makes a difference in buttercream, and how we achieve that perfect texture in our signature chocolate fudge cake.', 'The Science Behind Our Cake Recipes', '["https://www.southernliving.com/thmb/zQENJfuup5qUQVRPs9vw1UgSVVI=/1500x0/filters:no_upscale():max_bytes(150000):strip_icc()/Southern-Living_red-velvet-cake-molly-bolton-step-07-1ff74f2ce03549f99476ba18fba94a90.jpg", "https://sugarandsparrow.s3.us-west-2.amazonaws.com/flour/wp-content/uploads/2020/07/22222922/Fill-Stack-Layer-Cakes-20-1024x638.jpg"]', 'Active'),
    (gen_random_uuid(), 'ee5ff6aa-7bb8-8cc9-9dd0-0ee11f22a33b', 'We''re proud to announce that all our coffee is now Rainforest Alliance certified! This means our beans are sourced from farms that meet comprehensive standards designed to protect forests, improve farmer livelihoods, promote human rights, and help mitigate the climate crisis. Our direct trade relationships with small-scale farmers ensure they receive fair compensation while employing sustainable farming practices. With every cup you purchase, you''re supporting communities and ecosystems across the coffee belt. Read more about our journey toward sustainability and our goals for carbon neutrality by 2025.', 'Our Commitment to Sustainable Coffee Sourcing', '["https://www.foodbeverage-outlook.com/media/Main-Image-FOB1-1-jpg.webp", "https://tlcommodities.com/wp-content/uploads/2023/12/coffee-plantations-going-green-for-a-sustainable-coffee-world-human-well-being.jpg"]', 'Active'),
    (gen_random_uuid(), 'ff6aa7bb-8cc9-9dd0-0ee1-1ff22a33b44c', 'Mark your calendars! Every Tuesday evening from 7-9 PM, we''re hosting cake decorating workshops led by our talented pastry team. Each session focuses on different techniques—from basic buttercream piping to advanced fondant work and sugar flowers. Classes are kept small with just 10 participants to ensure personalized instruction. All materials are provided, and you''ll take home your creation plus a toolkit of basic decorating supplies. Perfect for beginners and intermediate bakers looking to expand their skills. Registration opens this Friday at noon on our website.', 'Join Our New Cake Decorating Workshop Series', '["https://givesugar.com/cdn/shop/products/Chicago-BreadBaking-Class_56f97abf-150d-4587-af82-c73216c483b3.jpg?v=1591286932", "https://cst.brightspotcdn.com/dims4/default/cac758f/2147483647/strip/true/crop/3000x1687+0+157/resize/820x461!/quality/90/?url=https%3A%2F%2Fchorus-production-cst-web.s3.us-east-1.amazonaws.com%2Fbrightspot%2F00%2Fcd%2Fad442c774d5f86d8737ee1af053b%2Fcakedecorating-02xx25-5.jpg"]', 'Active'),
    (gen_random_uuid(), 'aa7bb8cc-9dd0-0ee1-1ff2-2aa33b44c55d', 'Coffee and health—it''s a relationship that''s more complex than you might think. Recent studies have shown that moderate coffee consumption (3-4 cups daily) may lower the risk of several chronic diseases, including type 2 diabetes, Parkinson''s, and certain liver conditions. Coffee is rich in antioxidants and beneficial plant compounds that reduce inflammation. However, timing matters: consuming caffeine within 6 hours of bedtime can disrupt sleep patterns. We explore the science behind coffee''s health effects and offer tips for maximizing benefits while minimizing drawbacks in your daily coffee routine.', 'Coffee and Health: Separating Facts from Fiction', '["https://www.manipalhospitals.com/uploads/image_gallery/black-coffee-benefits.jpg", "https://mdpiblog.wordpress.sciforum.net/wp-content/uploads/sites/4/2023/10/Coffee-Health-Benefits.jpg"]', 'Active'),
    (gen_random_uuid(), 'bb8cc9dd-0ee1-1ff2-2aa3-3bb44c55d66e', 'We''re thrilled to unveil our completely renovated space! After two months of construction, our café now features expanded seating with comfortable booths, a dedicated workspace area with charging stations, improved acoustics for a more relaxed atmosphere, and a stunning new coffee bar with our La Marzocco espresso machine as the centerpiece. The redesign incorporates sustainable materials, including reclaimed wood tables and energy-efficient lighting. Our new layout improves flow for both customers and baristas, reducing wait times even during peak hours. Come experience our enhanced space and enjoy a complimentary cookie with any drink purchase this weekend!', 'Grand Reopening: Our Café Transformation', '["https://media.istockphoto.com/id/1395507586/photo/interior-of-modern-cafe-with-beautiful-furniture.jpg?s=612x612&w=0&k=20&c=jFQjIszMIbZe7RleRHFUKv1FlZLQxL9Z-PTYb7JctmQ=", "https://images.pexels.com/photos/1307698/pexels-photo-1307698.jpeg?cs=srgb&dl=pexels-igor-starkov-233202-1307698.jpg&fm=jpg"]', 'Active'),
    (gen_random_uuid(), 'cc9dd0ee-1ff2-2aa3-3bb4-4cc55d66e77f', 'Wedding season is approaching, and we''re excited to showcase our 2025 wedding cake collection! This year''s designs focus on textural elements—delicate sugar lace, wafer paper florals, and hand-painted details that transform cakes into edible art. Beyond aesthetics, we''ve expanded our flavor pairings to include unexpected combinations like elderflower-lemon, chai spice with vanilla bean, and dark chocolate with black cherry and sage. Our consultation process includes a private tasting session with our cake designer who will help customize every element to reflect your unique celebration. Book your consultation by April 30th to secure your date.', '2025 Wedding Cake Collection Unveiled', '["https://www.bluebellkitchen.co.uk/wp-content/uploads/2022/07/Bluebell-Kitchen-Kent-Wedding-Cake-Display-Ideas-1.jpg", "https://t4.ftcdn.net/jpg/11/06/77/35/360_F_1106773541_KQWOkAil2hqfqAHgVgUqKv12lvQJHeXa.jpg"]', 'Active'),
    (gen_random_uuid(), 'dd0ee1ff-2aa3-3bb4-4cc5-5dd66e77f88a', 'Our monthly latte art competition is back by popular demand! Baristas from across the city will showcase their skills in creating intricate designs using just espresso and steamed milk. This month''s competition will feature three rounds: traditional patterns, free-pour creativity, and a speed challenge. Spectators can enjoy happy hour pricing on all drinks while watching the action. The winner receives a custom tamper and the coveted spot on our "Wall of Foam." Amateur coffee enthusiasts are welcome to join our beginner''s division! Entry is free, but space is limited, so sign up early on our events page.', 'Latte Art Throwdown: Battle of the Baristas', '["https://www.korea.net/upload/content/editImage/20211126152148729_6D9AG7ZA.jpg", "https://www.korea.net/upload/content/editImage/20211126152251720_S3XH9AL9.jpg"]', 'Inactive'),
    (gen_random_uuid(), 'ee1ff2aa-3bb4-4cc5-5dd6-6ee77f88a99b', 'Did you know that different brewing methods can dramatically change your coffee experience? In this guide, we break down five popular brewing techniques and how they affect flavor extraction. From the clean, bright profiles achieved with pour-over methods to the rich, full-bodied results of French press brewing, each method highlights different characteristics in the bean. We explore the science behind extraction rates, water temperature, grind size, and brewing time. Whether you''re a coffee novice or a home brewing enthusiast, understanding these principles will help you customize your perfect cup.', 'Understanding Different Coffee Brewing Methods', '["https://cdn.apartmenttherapy.info/image/upload/v1579890799/k/Photo/Series/2020-01-Skills-Battle-Coffee/Battle-CoffeeMaking.jpg", "https://www.rebelroasterscoffee.com.au/wp-content/uploads/2016/12/Coffee-Brewing-Methods.jpg"]', 'Inactive'),
    (gen_random_uuid(), 'ff2aa3bb-4cc5-5dd6-6ee7-7ff88a99b00c', 'This month, we''re spotlighting our specialty: naturally gluten-free cakes that never compromise on taste or texture. Our almond flour base creates a moist, tender crumb that rivals traditional wheat flour cakes. We''ve perfected recipes for classics like chocolate torte, lemon polenta cake, and our award-winning flourless chocolate cake with espresso ganache. Every recipe undergoes rigorous testing to ensure it meets our standards for both flavor and structure. Our dedicated gluten-free preparation area prevents cross-contamination, making these treats safe for those with celiac disease or gluten sensitivity. Sample our gluten-free offerings with our weekend tasting flight special!', 'Gluten-Free Cakes: Delicious by Design', '["https://d1fm27ee7pjs8v.cloudfront.net/images/detailed/98/UKGFREEXM_-_Artisan_Five_Piece_Festive_Gluten_Free_Cakes_(1)_1zgs-m1.jpg", "https://www.kingarthurbaking.com/sites/default/files/styles/featured_image/public/2024-01/GF-Chocolate-Cake-1.jpg?itok=DpsU1UOn"]', 'Active'),
    (gen_random_uuid(), 'aa3bb4cc-5dd6-6ee7-7ff8-8aa99b00c11d', 'Meet Carlos, the farmer behind our signature espresso blend! We recently visited his farm in the highlands of Guatemala, where his family has grown coffee for three generations. Carlos has pioneered innovative shade-growing techniques that protect biodiversity while producing exceptionally sweet, complex coffee beans. His commitment to environmental stewardship extends to water conservation systems and composting programs that enrich the soil naturally. Through our direct trade partnership, we pay premium prices that reflect the true value of his meticulous cultivation methods. When you enjoy our house espresso, you''re tasting the result of Carlos''s expertise and passion.', 'Meet the Farmer: The Story Behind Our Espresso', '["https://perfectdailygrind.com/wp-content/uploads/2018/05/Coffee-farmers.jpg", "https://cdn.standardmedia.co.ke/images/wysiwyg/images/2mZns3UrAIqEcle499yCzEIfdkomP0DPiz5vZs9q.jpg"]', 'Active'),
    (gen_random_uuid(), 'bb4cc5dd-6ee7-7ff8-8aa9-9bb00c11d22e', 'Looking for ways to reduce sugar without sacrificing sweetness in your baked goods? Our pastry chef shares professional techniques for creating balanced desserts that let natural flavors shine. Learn how toasting nuts enhances their sweetness, why vanilla bean amplifies perceived sweetness, and how salt paradoxically makes desserts taste sweeter. We explain the science of sugar alternatives like monk fruit, erythritol, and allulose, with tips for using each effectively. Try our reduced-sugar carrot cake that uses apple and dates for natural sweetness, crowned with a cream cheese frosting that uses half the sugar without losing its indulgent appeal.', 'Reducing Sugar: A Baker''s Guide to Healthier Desserts', '["https://www.kingarthurbaking.com/sites/default/files/styles/featured_image/public/blog-featured/Baking-with-reduced-sugar-1_0.jpg?itok=SIG0Krxh", "https://www.kingarthurbaking.com/sites/default/files/blog-images/2017/07/Baking-with-reduced-sugar-2.jpg"]', 'Inactive'),
    (gen_random_uuid(), 'cc5dd6ee-7ff8-8aa9-9bb0-0cc11d22e33f', 'We''re excited to launch our Community Cup program! For every 10 drinks purchased with a reusable cup, we''ll donate a meal to the local food bank. This initiative supports both environmental sustainability by reducing single-use waste and addresses food insecurity in our neighborhood. Bring any reusable cup—it doesn''t have to be our branded merchandise—and we''ll track your purchases through our app. You''ll also receive a 25-cent discount on every drink, making this a win-win-win situation. Our goal is to donate 1,000 meals by the end of summer while significantly reducing our ecological footprint.', 'Introducing Our Community Cup Initiative', '["https://media.istockphoto.com/id/1411289606/photo/paper-eco-friendly-disposable-tableware-with-recycling-signs-on-the-background-of-green-plants.jpg?s=612x612&w=0&k=20&c=ng731oZuBvrja5tNFkrcW-hWtWJqieyxw3A2HSei0QI=", "https://media.istockphoto.com/id/1125551774/photo/choice-of-reusable-coffee-mug-mockups.jpg?s=612x612&w=0&k=20&c=MD8g3_yK03TYpHcor6jxGSLucNHwRn1UmB1jaqufLq4="]', 'Active'),
    (gen_random_uuid(), 'dd6ee7ff-8aa9-9bb0-0cc1-1dd22e33f44a', 'The perfect breakfast pastry balances indulgence with sustenance to start your day right. Our morning selection now includes protein-rich options like almond flour scones studded with seasonal berries, savory breakfast tarts with local eggs and vegetables, and our new "morning boost" muffins featuring whole grains, seeds, and just enough sweetness from honey and dried fruit. Each recipe has been developed to maintain satisfaction throughout the morning without causing energy crashes. Pair these with our medium-roast coffee for a breakfast combination that nutritionists and taste buds can agree on.', 'Reimagining Breakfast: Our New Morning Pastry Line', '["https://media.istockphoto.com/id/469380314/photo/selection-of-french-danish-pastries-on-a-wicker-basket.jpg?s=612x612&w=0&k=20&c=9lSuMSLu1GpHv5pXSxmBeeEwXmJCV2FOsnq-2_69oOc=", "https://media.istockphoto.com/id/491699034/photo/continental-breakfast-cinnamon-bun-danishes-rolls-muffins-fresh-fruit.jpg?s=612x612&w=0&k=20&c=pfEKEr6NZMJyEFZfw-xGHs3ncRTVIXARcqs7oRfN8_E="]', 'Active'),
    (gen_random_uuid(), 'ee7ff8aa-9bb0-0cc1-1dd2-2ee33f44a55b', 'This fall, we''re celebrating the humble apple with specialty desserts that showcase this versatile fruit. From classic tarte tatin with caramelized apples to innovative apple-miso caramel layer cake, our pastry team has created ten distinct apple desserts featuring six heirloom varieties sourced from local orchards. Each apple variety brings unique characteristics: Honeycrisp for juicy sweetness, Granny Smith for bright acidity, and Arkansas Black for complex, wine-like notes. Learn about the centuries-old cultivation of these varieties and why certain apples excel in different preparations. Our apple celebration runs through October with weekly rotating specials.', 'Apple Season: Celebrating Fall''s Favorite Fruit', '["https://media.istockphoto.com/id/450752471/photo/homemade-organic-apple-pie-dessert.jpg?s=612x612&w=0&k=20&c=6mwKTunGfRKFWyB_VUOGqXzcUMtBSCvg6JAQ3At2aWE=", "https://media.istockphoto.com/id/1039958428/photo/apple-and-pear-galette.jpg?s=612x612&w=0&k=20&c=GHan-2_gxEd-6WiOPstFBk55MS1LSp3_9ZvSbzsC4KY="]', 'Active'),
    (gen_random_uuid(), 'ff8aa9bb-0cc1-1dd2-2ee3-3ff44a55b66c', 'Milk alternatives have revolutionized the coffee scene, and we''re proud to offer seven different options to complement our espresso drinks. Beyond the familiar almond and soy, we now provide oat, coconut, macadamia, hemp, and our house-made cashew milk. Each alternative pairs differently with coffee—oat milk''s natural sweetness enhances chocolate notes, while macadamia creates an exceptionally creamy mouthfeel. Our baristas are trained to recommend the perfect pairing based on your chosen coffee and flavor preferences. Curious about which alternative has the smallest environmental footprint or highest protein content? We break down the nutritional and sustainability profiles of each option.', 'The Ultimate Guide to Milk Alternatives for Coffee', '["https://www.hinxdenfarmdairy.co.uk/wp-content/uploads/2023/03/barista-coffee-shot.jpg", "https://www.beanscenemag.com.au/wp-content/uploads/2022/02/489A0378.jpg"]', 'Inactive'),
    (gen_random_uuid(), 'aa9bb0cc-1dd2-2ee3-3ff4-4aa55b66c77d', 'After months of experimentation, we''ve perfected our vegan cake recipes that will please even the most discerning dessert connoisseurs. The secret to our remarkably moist chocolate cake? Aquafaba—the liquid from chickpeas—which creates structure without eggs. Our vanilla celebration cake uses a precise combination of plant oils and starches to achieve that elusive fluffy texture. Instead of buttercream, we''ve developed a silky frosting using coconut cream and cultured cashew base that pipes beautifully and holds its shape at room temperature. These cakes are now available by the slice daily, with whole cakes available for pre-order for special occasions.', 'Vegan Cakes That Everyone Will Love', '["https://brunetticlassico.com.au/wp-content/uploads/2024/11/brunetticlassico_240308_34.jpg", "https://www.rainbownourishments.com/wp-content/uploads/2022/02/vegan-strawberry-cake-1-1.jpg"]', 'Active'),
    (gen_random_uuid(), 'bb0cc1dd-2ee3-3ff4-4aa5-5bb66c77d88e', 'Starting next month, we''re expanding our hours to include "Late Night Dessert Bar" on Fridays and Saturdays until 11 PM! The evening menu features sophisticated dessert plates paired with espresso martinis, dessert wines, and craft coffee cocktails. Chef''s tasting flights will offer three miniature desserts with complementary beverages. The evening ambiance will transform with subtle lighting and acoustic music to create an intimate setting perfect for date nights or after-dinner relaxation. Reservations are recommended for groups of 4+ and can be made through our website. We can''t wait to share this new experience with our community!', 'Announcing Late Night Dessert Bar: Evenings at the Café', '["https://bostonglobe-prod.cdn.arcpublishing.com/resizer/v2/7ZVVJGI3H5376OY5SE63YKX3QQ.jpg?auth=082d8a9949c469a8f03125caba561c948f2bbf002023fb88d260f35b048cb703&width=1440", "https://media.istockphoto.com/id/1095897096/photo/delicious-candy-bar-for-wedding.jpg?s=612x612&w=0&k=20&c=FZwfG362chuXLcxzL8kLoD0lkhpzXk2vrC2YJAoCkCw="]', 'Active');

-- Reservation Table
CREATE TABLE reservation (
    id UUID NOT NULL PRIMARY KEY DEFAULT gen_random_uuid(),
    full_name VARCHAR(255) NOT NULL,
    phone VARCHAR(255) NOT NULL,
    branch_id UUID NOT NULL REFERENCES branch(id) ON DELETE CASCADE ON UPDATE CASCADE,
    reservation_time TIME NOT NULL,
    reservation_date DATE NOT NULL,
    number_of_customer INTEGER NOT NULL,
    status VARCHAR(50) NOT NULL,
    place VARCHAR(50),
    date_added TIMESTAMP DEFAULT CURRENT_TIMESTAMP
);

INSERT INTO reservation (id, full_name, phone, branch_id, reservation_time, reservation_date, number_of_customer, status, place) VALUES
    (gen_random_uuid(), 'John Smith', '0123456789', '109db7f7-52a2-41fd-bfa6-9637df5cc248', '18:30:00', '2025-04-20', 4, 'Confirmed', 'Indoor'),
    (gen_random_uuid(), 'Emma Johnson', '0123456790', '109db7f7-52a2-41fd-bfa6-9637df5cc248', '12:00:00', '2025-04-25', 2, 'Completed', 'Outdoor'),
    (gen_random_uuid(), 'Michael Chen', '0123456791', '109db7f7-52a2-41fd-bfa6-9637df5cc248', '19:00:00', '2025-03-15', 6, 'Cancelled', 'Indoor'),
    (gen_random_uuid(), 'Sofia Petrov', '0123456792', '109db7f7-52a2-41fd-bfa6-9637df5cc248', '10:30:00', '2025-05-02', 3, 'Confirmed', 'Outdoor'),
    (gen_random_uuid(), 'Daniel Wright', '0123456793', '109db7f7-52a2-41fd-bfa6-9637df5cc248', '15:45:00', '2025-03-28', 2, 'Completed', 'Indoor'),
    (gen_random_uuid(), 'Olivia Taylor', '0123456794', 'ff7b7703-bd86-4a78-8e87-adb745c628f9', '17:15:00', '2025-04-18', 5, 'Confirmed', 'Indoor'),
    (gen_random_uuid(), 'William Davis', '0123456795', 'ff7b7703-bd86-4a78-8e87-adb745c628f9', '13:30:00', '2025-04-30', 4, 'Cancelled', 'Outdoor'),
    (gen_random_uuid(), 'Isabella Kim', '0123456796', 'ff7b7703-bd86-4a78-8e87-adb745c628f9', '19:45:00', '2025-05-05', 8, 'Confirmed', 'Indoor'),
    (gen_random_uuid(), 'James Wilson', '0123456797', 'ff7b7703-bd86-4a78-8e87-adb745c628f9', '11:00:00', '2025-03-20', 2, 'Completed', 'Indoor'),
    (gen_random_uuid(), 'Emily Martinez', '0123456798', 'ff7b7703-bd86-4a78-8e87-adb745c628f9', '14:30:00', '2025-02-28', 6, 'Cancelled', 'Outdoor'),
    (gen_random_uuid(), 'Alexander Brown', '0123456799', 'bd574b57-9ccd-4e9a-b7c5-2e35afbc513c', '16:45:00', '2025-04-22', 3, 'Confirmed', 'Outdoor'),
    (gen_random_uuid(), 'Charlotte Garcia', '0123456800', 'bd574b57-9ccd-4e9a-b7c5-2e35afbc513c', '20:00:00', '2025-05-10', 5, 'Confirmed', 'Indoor'),
    (gen_random_uuid(), 'Benjamin Lopez', '0123456801', 'bd574b57-9ccd-4e9a-b7c5-2e35afbc513c', '12:15:00', '2025-03-25', 4, 'Completed', 'Indoor'),
    (gen_random_uuid(), 'Mia Nguyen', '0123456802', 'bd574b57-9ccd-4e9a-b7c5-2e35afbc513c', '09:30:00', '2025-04-05', 2, 'Cancelled', 'Outdoor'),
    (gen_random_uuid(), 'Ethan Lee', '0123456803', 'bd574b57-9ccd-4e9a-b7c5-2e35afbc513c', '13:00:00', '2025-03-08', 7, 'Completed', 'Indoor'),
    (gen_random_uuid(), 'Amelia Clark', '0123456804', 'a06edc09-9be1-4e68-b399-b2453c35edfe', '17:30:00', '2025-04-15', 6, 'Confirmed', 'Indoor'),
    (gen_random_uuid(), 'Henry Rodriguez', '0123456805', 'a06edc09-9be1-4e68-b399-b2453c35edfe', '11:45:00', '2025-05-20', 2, 'Confirmed', 'Outdoor'),
    (gen_random_uuid(), 'Victoria Walker', '0123456806', 'a06edc09-9be1-4e68-b399-b2453c35edfe', '19:15:00', '2025-03-12', 4, 'Cancelled', 'Indoor'),
    (gen_random_uuid(), 'Sebastian Hall', '0123456807', 'a06edc09-9be1-4e68-b399-b2453c35edfe', '14:00:00', '2025-02-25', 5, 'Completed', 'Indoor'),
    (gen_random_uuid(), 'Ava Young', '0123456808', 'a06edc09-9be1-4e68-b399-b2453c35edfe', '18:30:00', '2025-05-08', 3, 'Confirmed', 'Outdoor');

-- Voucher
CREATE TABLE voucher (
    id UUID NOT NULL PRIMARY KEY DEFAULT gen_random_uuid(),
    title VARCHAR(255) NOT NULL,
    discount_percent INTEGER NOT NULL,
    code TEXT NOT NULL,
    status VARCHAR(50) NOT NULL,
    start_date DATE NOT NULL,
    end_date DATE NOT NULL,
    type VARCHAR(50) NOT NULL,
    discount_type VARCHAR(50) NOT NULL,
    description TEXT NOT NULL,
    brand_id UUID NOT NULL REFERENCES brand(id) ON DELETE CASCADE ON UPDATE CASCADE,
    date_added TIMESTAMP DEFAULT CURRENT_TIMESTAMP
);

INSERT INTO voucher (id, title, discount_percent, code, status, start_date, end_date, type, discount_type, description, brand_id) VALUES
    (gen_random_uuid(), 'Morning Coffee Special', 15, 'COFFEE2024AB', 'Expired', '2024-09-01', '2025-02-28', 'Promotion', 'Drink', 'Get 15% off any coffee before 11 AM', '68b50680-d17d-4470-b2cf-306dd234e982'),
    (gen_random_uuid(), 'Cake Slice Deal', 20, 'CAKESLICE25XY', 'Active', '2024-10-15', '2025-05-15', 'Coupon', 'Food', 'Enjoy 20% discount on any cake slice during afternoon hours', '68b50680-d17d-4470-b2cf-306dd234e982'),
    (gen_random_uuid(), 'Weekend Pastry Bundle', 25, 'WKNDPASTRY123', 'Expired', '2024-11-01', '2025-03-31', 'Promotion', 'Food', 'Save 25% when you buy 3 or more pastries on weekends', '68b50680-d17d-4470-b2cf-306dd234e982'),
    (gen_random_uuid(), 'First Delivery Free', 50, 'FREEDEL2024Q1', 'Inactive', '2024-12-15', '2025-06-30', 'Coupon', 'Delivery', 'Get 50% off your first delivery order', '68b50680-d17d-4470-b2cf-306dd234e982'),
    (gen_random_uuid(), 'Espresso Happy Hour', 30, 'ESPRESSO30HPPY', 'Inactive', '2024-10-10', '2025-04-30', 'Promotion', 'Drink', 'All espresso drinks 30% off during happy hour', '68b50680-d17d-4470-b2cf-306dd234e982'),
    (gen_random_uuid(), 'Birthday Special Cake', 40, 'BDAYCAKE40OFF', 'Inactive', '2024-08-01', '2025-07-31', 'Coupon', 'Food', 'Get 40% off your birthday cake with valid ID', '68b50680-d17d-4470-b2cf-306dd234e982'),
    (gen_random_uuid(), 'Winter Warm Drinks', 25, 'WINTERWARM25X', 'Expired', '2024-12-01', '2025-02-28', 'Promotion', 'Drink', '25% discount on all hot drinks during winter', '68b50680-d17d-4470-b2cf-306dd234e982'),
    (gen_random_uuid(), 'Loyalty Member Deal', 35, 'LOYALTYCOFFEE35', 'Active', '2024-11-15', '2025-11-15', 'Coupon', 'Drink', 'Special 35% discount for loyalty program members', '68b50680-d17d-4470-b2cf-306dd234e982'),
    (gen_random_uuid(), 'Holiday Cookie Box', 20, 'HOLIDAYCOOKIE20', 'Expired', '2024-11-15', '2025-01-05', 'Promotion', 'Food', '20% off holiday themed cookie boxes', '68b50680-d17d-4470-b2cf-306dd234e982'),
    (gen_random_uuid(), 'Valentine Special', 50, 'LOVEDAY50PCT', 'Expired', '2025-02-07', '2025-02-14', 'Coupon', 'Food', '50% off all heart-shaped pastries', '68b50680-d17d-4470-b2cf-306dd234e982'),
    (gen_random_uuid(), 'Student Discount', 15, 'STUDENT15COFFEE', 'Active', '2024-09-01', '2025-06-30', 'Promotion', 'Drink', '15% off for students with valid ID', '68b50680-d17d-4470-b2cf-306dd234e982'),
    (gen_random_uuid(), 'Winter Breakfast Bundle', 30, 'BREAKFAST30DEAL', 'Expired', '2024-12-01', '2025-03-15', 'Coupon', 'Food', '30% off when you buy coffee and breakfast item together', '68b50680-d17d-4470-b2cf-306dd234e982'),
    (gen_random_uuid(), 'Spring Specials', 25, 'SPRING25DRINKS', 'Active', '2025-03-15', '2025-05-31', 'Promotion', 'Drink', '25% discount on seasonal spring drinks', '68b50680-d17d-4470-b2cf-306dd234e982'),
    (gen_random_uuid(), 'Bulk Order Discount', 40, 'BULKCOFFEE40PC', 'Inactive', '2024-10-01', '2025-10-01', 'Coupon', 'Drink', '40% off when ordering 10+ drinks for office/events', '68b50680-d17d-4470-b2cf-306dd234e982'),
    (gen_random_uuid(), 'Evening Dessert Deal', 20, 'EVENINGSWEET20', 'Active', '2024-11-01', '2025-05-31', 'Promotion', 'Food', '20% off all desserts after 6pm', '68b50680-d17d-4470-b2cf-306dd234e982'),
    (gen_random_uuid(), 'Mobile App Order', 15, 'MOBILEAPP15OFF', 'Inactive', '2024-09-01', '2025-08-31', 'Coupon', 'Delivery', '15% discount for orders placed through mobile app', '68b50680-d17d-4470-b2cf-306dd234e982'),
    (gen_random_uuid(), 'New Year Special', 25, 'NEWYEAR25PCT', 'Expired', '2024-12-26', '2025-01-15', 'Promotion', 'Food', '25% off all menu items to celebrate the New Year', '68b50680-d17d-4470-b2cf-306dd234e982'),
    (gen_random_uuid(), 'Christmas Week Deal', 50, 'XMASWK50PCT', 'Expired', '2024-12-18', '2024-12-25', 'Coupon', 'Food', '50% off festive drinks and treats during Christmas week', '68b50680-d17d-4470-b2cf-306dd234e982'),
    (gen_random_uuid(), 'Coffee Subscription', 30, 'COFFEESUB30OFF', 'Active', '2024-11-01', '2025-11-01', 'Promotion', 'Drink', '30% off your first month of coffee subscription', '68b50680-d17d-4470-b2cf-306dd234e982'),
    (gen_random_uuid(), 'Early Spring Deal', 25, 'EARLYSPRING25', 'Inactive', '2025-03-01', '2025-05-15', 'Coupon', 'Delivery', '25% off all deliveries during early spring', '68b50680-d17d-4470-b2cf-306dd234e982');

-- Session Table
CREATE TABLE session (
  sid varchar PRIMARY KEY,
  sess json NOT NULL,
  expire timestamp NOT NULL
);

/*
-- Users' Table
CREATE TABLE users (
    id UUID PRIMARY KEY DEFAULT gen_random_uuid(),
    name VARCHAR(255) NOT NULL,
    username VARCHAR(255) UNIQUE NOT NULL,
    password VARCHAR(255) NOT NULL,
    role VARCHAR(50) NOT NULL,
    email VARCHAR(255) UNIQUE NOT NULL,
    phonenumber VARCHAR(20) UNIQUE NOT NULL,
    gender VARCHAR(6) NOT NULL,
    address VARCHAR(255) NOT NULL,
    cart JSONB DEFAULT '{"totalPrice": 0, "items": []}',  -- Default value as JSON
    created_at TIMESTAMP DEFAULT CURRENT_TIMESTAMP
);

-- Admins' Table
CREATE TABLE admins (
    id UUID PRIMARY KEY DEFAULT gen_random_uuid(),
    name VARCHAR(255) NOT NULL,
    username VARCHAR(255) UNIQUE NOT NULL,
    password VARCHAR(255) NOT NULL,
    role VARCHAR(50) NOT NULL,
    email VARCHAR(255) UNIQUE NOT NULL,
    phonenumber VARCHAR(20) UNIQUE NOT NULL,
    address VARCHAR(255) NOT NULL,
    gender VARCHAR(6) NOT NULL,
	position VARCHAR(255),
    created_at TIMESTAMP DEFAULT CURRENT_TIMESTAMP
);

-- Users' Orders Table
CREATE TABLE orders (
    id UUID PRIMARY KEY DEFAULT gen_random_uuid(),
    name VARCHAR(255) NOT NULL,
    email VARCHAR(255) NOT NULL,
    phonenumber VARCHAR(20) NOT NULL,
    address VARCHAR(255) NOT NULL,
    user_id UUID REFERENCES users(id) ON DELETE CASCADE,
    delivered BOOLEAN DEFAULT FALSE,
    declined BOOLEAN DEFAULT FALSE,
    cart JSONB DEFAULT '{"totalPrice": 0, "items": []}',  -- Default value as JSON
    created_at TIMESTAMP DEFAULT CURRENT_TIMESTAMP
);

-- Feedback Table
CREATE TABLE feedbacks (
    id UUID PRIMARY KEY DEFAULT gen_random_uuid(),
    first_name VARCHAR(255) NOT NULL,
    last_name VARCHAR(255) NOT NULL,
    email VARCHAR(255) NOT NULL,
    phone VARCHAR(255) NOT NULL,
    message TEXT NOT NULL
);

-- Note Table
CREATE TABLE notes (
    id UUID PRIMARY KEY DEFAULT gen_random_uuid(),
    note TEXT NOT NULL
);

-- Product Table
CREATE TABLE products (
    id UUID PRIMARY KEY DEFAULT gen_random_uuid(),
    product_name VARCHAR(255) NOT NULL,
    type VARCHAR(255) NOT NULL,
    description TEXT NOT NULL,
    price INTEGER NOT NULL,
    photo TEXT NOT NULL,
    created_at TIMESTAMP DEFAULT CURRENT_TIMESTAMP
);

INSERT INTO products (id, product_name, type, description, price, photo) VALUES
(gen_random_uuid(), 'Baguette Salad', 'Bread', 'Look small? But you cannot imagine how many ingredients it have. Jambon, carrot, corn, cabbage, cucumber and mayonnaise sauce.', 18000, 'https://images.eatsmarter.com/sites/default/files/styles/max_size/public/baguette-topped-with-salad-625768.jpg'),
(gen_random_uuid(), 'Sesame Baguette Salad', 'Bread', 'Go along with the soft sesame bread is ham, cheese and fresh lettuce and tomato.', 25000, 'https://burpple-1.imgix.net/foods/62ff74b3f0933f695a21638961_original.?w=645&amp;dpr=1&amp;fit=crop&amp;q=80&amp;auto=format'),
(gen_random_uuid(), 'Sausage Danish', 'Bread', 'The crispy danish skin inside with chunky sausage and more extra flavor by chicken floss and mayonnaise sauce.', 25000, 'https://abcbakery.co/wp-content/uploads/Bread07-.png'),
(gen_random_uuid(), 'Brioche Rolls (4ct)', 'Bread', 'Contains: Wheat four, eggs, butter, milk.', 30000, 'https://od-prod-content.s3.us-east-2.amazonaws.com/10000281/menuItemMaster/images/774345.jpg'),
(gen_random_uuid(), 'Sausage Bun', 'Bread', 'Small size flavorful pizza with sausage, minced jambon and melted cheese.', 35000, 'https://www.elmundoeats.com/wp-content/uploads/2019/07/Chinese-Sausage-Bread.jpg'),
(gen_random_uuid(), 'Cheesy Pork Floss', 'Bread', 'Fresh bread, combine with tasty floss and creamy slightly mayonnaise.', 40000, 'https://www.boulangerie22.ph/Product/GetPhoto?barcode=ABI00005552'),
(gen_random_uuid(), 'Baguette', 'Bread', 'The golden baguette with crispy skin outside and moist inside.', 10000, 'https://od-prod-content.s3.us-east-2.amazonaws.com/10000281/menuItemMaster/images/773966.jpg'),
(gen_random_uuid(), 'Apple Pie', 'Pastries', 'Indulge in the rich flavors of our Apple Pie with a perfect blend of wheat flour, luscious apple pie filling, and a tantalizing glaze. The golden crust and delightful ingredients make each bite a heavenly experience.', 19000, 'https://od-prod-content.s3.us-east-2.amazonaws.com/10000281/menuItemMaster/images/774394.jpg'),
(gen_random_uuid(), 'Chocolate Bar Danish', 'Pastries', 'A perfect treat for chocolate lovers, this pastry promises a delightful blend of flaky pastry and rich chocolate flavor.', 29000, 'https://aihuebakery.vn/uploads/photos/2020/10/19/aihuebakery-mtt2s1603077538.jpg'),
(gen_random_uuid(), 'Blueberry Mung Bean Bun', 'Pastries', 'The beautiful and sweet blueberry jam with soft and delicious mung bean bun is such a perfect two.', 31000, 'https://abcbakery.co/wp-content/uploads/Pastry07-.png'),
(gen_random_uuid(), 'Taro Bun', 'Pastries', 'The savory and unique taste of taro will be more fantastic with those almond slices.', 23000, 'https://abcbakery.co/wp-content/uploads/Pastry06-.png'),
(gen_random_uuid(), 'Chocolate Chip Bun', 'Pastries', 'Feel the unforgettable chocolate flavored in each bite.', 20000, 'https://foodandjourneys.net/wp-content/uploads/2021/07/German-Chocolate-Buns-Schokobrotchen.PIC6_.jpg'),
(gen_random_uuid(), 'Custard Wormie Bread', 'Pastries', 'Do you want to try this plump, fluffy custard wormie?', 32000, 'https://cdn.store-assets.com/s/630301/i/20102376.jpg?width=1024&format=webp'),
(gen_random_uuid(), 'Coconut Bun', 'Pastries', 'With the special sweet and rich taste of coconut go along the soft fresh bread make a perfect combination.', 24000, 'https://healthynibblesandbits.com/wp-content/uploads/2021/08/Coconut-Buns-3.jpg'),
(gen_random_uuid(), 'Choux Cream', 'Pastries', 'The light, fluffy and creamy choux cream match made in food heaven.', 40000, 'https://www.theflavorbender.com/wp-content/uploads/2019/03/Salted-Caramel-Choux-au-Craquelin-9433.jpg'),
(gen_random_uuid(), 'Croissant', 'Pastries', 'Taste croissant with the crunchiness of skin and softness of interior.', 12000, 'https://od-prod-content.s3.us-east-2.amazonaws.com/10000281/menuItemMaster/images/774383.jpg'),
(gen_random_uuid(), 'Chocolate Croissant', 'Pastries', 'A perfect treat for chocolate lovers, this pastry promises a delightful blend of flaky pastry and rich chocolate flavor.', 15000, 'https://od-prod-content.s3.us-east-2.amazonaws.com/10000281/menuItemMaster/images/774103.jpg'),
(gen_random_uuid(), 'Egg Tart', 'Pastries', 'Enjoy the delightful combination of a tart shell, egg, and milk in every bite of our Egg Tart. A perfect balance of flavors that will leave you wanting more.', 15000, 'https://www.tastingtable.com/img/gallery/portuguese-egg-tart-recipe-pastry/intro-1641242937.webp'),
(gen_random_uuid(), 'Sugar Mochi Donut', 'Pastries', 'Delight in the unique combination of tapioca starch, sugar, egg, milk, and wheat in our Sugar Mochi Donut. A mouthwatering treat that brings together the best of sweet and chewy textures. ', 15000, 'https://od-prod-content.s3.us-east-2.amazonaws.com/10000281/menuItemMaster/images/837258.jpg'),
(gen_random_uuid(), 'Orange Vani', 'Cake Slice', 'Feel the orange flavored blended with rich, creamy mousse and soft sponge cake.', 18000, 'https://abcbakery.co/wp-content/uploads/SliCake09-.png'),
(gen_random_uuid(), 'Blueberry Vani', 'Cake Slice', 'Four layers cake by two solf, fresh sponge cake layers, rich creamy mousse layer and last but not least is the devilishly good blueberry mousse layer.', 25000, 'https://abcbakery.co/wp-content/uploads/SliCake08-.png'),
(gen_random_uuid(), 'Strawberry Dome', 'Cake Slice', 'The yummy dome made from sweet mousse and lovely fresh milk cream.', 27000, 'https://media01.stockfood.com/largepreviews/MTg2Njc1NzkzOA==/60217998-Strawberry-dome-tartlets.jpg'),
(gen_random_uuid(), 'Chocolate Cocoa', 'Cake Slice', 'Experience the perfection flavor from fresh sponge cake, fluffy mousse and enjoyable chocolate.', 17000, 'https://abcbakery.co/wp-content/uploads/SliCake06-.png'),
(gen_random_uuid(), 'Carrot Cake', 'Cake Slice', 'With the combination between carrot, walnuts, unsalted butter and cheese just fit enough for a queen.', 26000, 'https://abcbakery.co/wp-content/uploads/SliCake05-Carrot-Cake.png'),
(gen_random_uuid(), 'Mini Black Forest', 'Cake Slice', 'The small size of black forest but still keep the characteristic flavor from the big one.', 21000, 'https://abcbakery.co/wp-content/uploads/SliCake04-Mini-Black-Forest.png'),
(gen_random_uuid(), 'Marble Cheesecake', 'Cake Slice', 'Rich flavor from anchor cheese combine with the sweet of white and black chocolate created an unbeatable marble cheesecake.', 26000, 'https://abcbakery.co/wp-content/uploads/SliCake03-.png'),
(gen_random_uuid(), 'Lemon Cream Cake', 'Cake Slice', 'The small cream cake with light lemon flavor will fresh all you senses.', 40000, 'https://abcbakery.co/wp-content/uploads/SliCake02-.png'),
(gen_random_uuid(), 'Chocolate Almond Cake', 'Cake Slice', 'Made from moist brown and black sponge cake, with dark chocolate and sliced almond will bring along the sweetness flavor with you.', 14000, 'https://cravingsjournal.com/wp-content/uploads/2020/06/almond-chocolate-cake-4.jpg'),
(gen_random_uuid(), 'Icecream Cheesecake', 'Cheesecake', 'Icecream Cheesecake is the perfect choice for any moment, whether it''s a birthday, anniversary, or just a special gift for your loved ones. Try Icecream Cheesecake today and experience the perfect combination of flavor and texture.', 18000, 'https://jamiegeller.com/.image/c_limit,cs_srgb,q_auto:good,w_700/MTY1NTI1MTg2Mzg3NzgxMTU4/ice-cream-cheesecake-pie-82jpg.webp'),
(gen_random_uuid(), 'Cheeseo', 'Cheesecake', 'Made with the main ingredient being cheese, this cake is suitable for both hot and cold consumption. However, Vanie Nguyen recommends serving it cold to enhance the dense cheese flavor.', 25000, 'https://vaniebakery.com/wp-content/uploads/2020/08/cheeseo-800x800.png.webp'),
(gen_random_uuid(), 'Tiramisu', 'Cheesecake', 'Tiramisu is a classic Italian dessert that has become popular worldwide. It features coffee-flavored layers of sponge cake soaked in espresso and rum, and a premium cream made from mascarpone cheese, eggs, and sugar. It also includes cocoa powder for a sweet contrast.', 27000, 'https://vaniebakery.com/wp-content/uploads/2022/02/IMG_6911.png'),
(gen_random_uuid(), 'Tofu Cheesecake', 'Cheesecake', 'This cake has a fascinating creamy texture and interesting flavor. Soybeans, the main ingredient, provide protein, fiber, and antioxidants that may help protect against cancer and heart disease.', 21000, 'https://2.bp.blogspot.com/-AsOaYXfosa8/VD50FSeAF5I/AAAAAAAAAE0/8kwKjqSQl3A/s1600/Tofu%2BCheeseCake.jpg'),
(gen_random_uuid(), 'Strawberry Tart Cheese', 'Cheesecake', 'The first highlight of Tart Cheese Strawberry is a collection of beautiful fresh strawberries on the cake''s surface, not only creating an attractive appearance but also ensuring a delightful eating experience. Strawberries are rich in antioxidants, vitamin C, and fiber, offering many health benefits.', 30000, 'https://vaniebakery.com/wp-content/uploads/2020/07/tart-cheese-dau.png'),
(gen_random_uuid(), 'Japanese Cotton Cheesecake', 'Cheesecake', 'Every Japanese Cotton Cheesecake is served with fresh whole strawberries, a fruit available year-round and rich in vitamin C, fiber, and antioxidants. They create an explosion of color and flavor, making the cake even more enticing and satisfying.', 45000, 'https://runawayrice.com/wp-content/uploads/2014/05/Cotton-Cheesecake-Japanese-Cheesecake.jpg'),
(gen_random_uuid(), 'Mango Cheese Bathed Buns', 'Cheesecake', 'Unique cream cheese with a fragrant mango taste on the tip of the tongue, ensuring a creamy and satisfying cheese aftertaste. The addition of mango jelly and pure mango sauce with its shiny yellow color adds an impressive touch to the taste buds.', 39000, 'https://vaniebakery.com/wp-content/uploads/2023/05/IMG_4344-800x800.png.webp'),
(gen_random_uuid(), 'Mushroom Sauce', 'Bread', 'Delicious bread baked come from irresistible mushroom sauce and ham.', 34000, 'https://www.recipetineats.com/wp-content/uploads/2018/09/Creamy-Mushroom-Sauce_3.jpg?resize=650,910'),
(gen_random_uuid(), 'Pizza', 'Bread', 'On top of the soft, airy dough is wonderful rich cheese, sausage and green bell pepper.', 42000, 'https://static.promediateknologi.id/crop/0x0:0x0/0x0/webp/photo/p2/94/2023/10/02/Snapinstaapp_383855421_1711116049313714_84421771234308923_n_1080-2136112196.jpg'),
(gen_random_uuid(), 'Pepsi', 'Drinks', '', 17000, 'https://product.hstatic.net/1000141988/product/nuoc_ngot_pepsi_lon_320_ml_415ef91bdb15487ab3079155c3635f66.jpg'),
(gen_random_uuid(), '7-UP', 'Drinks', '', 17000, 'https://product.hstatic.net/1000141988/product/nuoc_ngot_7up_huong_chanh_lon_330_ml_63d1cee15d314dc39522d5e83784d4d4.jpg'),
(gen_random_uuid(), 'Strawberry Lychee Iced Tea', 'Drinks', 'The combination of lychee, orange and strawberry along with the cool aroma of tea will help you beat the summer heat. These are all toppings that are quite easy to eat, full of sweetness, sourness and aroma, creating a drink that blends all the colors and flavors worth enjoying with your friends.', 27000, 'https://www.arkadiabeverages.com.au/assets/main/RECIPES/_800xAUTO_crop_center-center_none/Strawberry-Lychee-Iced-Tea-recipe-thumb-350x350.png'),
(gen_random_uuid(), 'Lychee Green Tea Freeze', 'Drinks', 'Different from a traditional cup of lychee tea, in this drink you will clearly feel the characteristic taste of green tea combined with pureed and cooled lychee, adding a layer of floating foam on the surface that everyone will love.', 35000, 'https://dvpmarket.com/resources/uploads/thang_102019/tra-vai-green-lychee.jpg'),
(gen_random_uuid(), 'Passion Fruit Green Tea Macchiato', 'Drinks', 'Beat the heat with the brand new sweet and sour tropical flavour combined with the smooth and creamy macchiato cream~', 28000, 'https://d1u57wxxsxzpd6.cloudfront.net/cbdcab36-55e3-4aba-8fb2-1856009c3677_image.jpeg'),
(gen_random_uuid(), 'Red Dragon Fruit & Pineapple', 'Drinks', 'It''s blended with Jasmine Green Tea, topped with aloe and cheese foam. It''s pretty and refreshing without being overly sweet. (No syrup added)', 33000, 'https://scontent.fsgn5-15.fna.fbcdn.net/v/t1.6435-9/162270817_258152092461300_6340398896174904691_n.jpg?_nc_cat=108&ccb=1-7&_nc_sid=810d5f&_nc_ohc=i_KmSq13KMoAX-KZ54H&_nc_ht=scontent.fsgn5-15.fna&oh=00_AfBeGsgiEpEInpLq0TA1a5iMz1xbiWK3rDTuxpbC3UXBoQ&oe=65B45E27'),
(gen_random_uuid(), 'Gelato', 'Ice Cream', 'This cold treat is creamy, decadent, and melt-in-your-mouth delicious. Essentially, it''s richer and denser than other ice cream types. Plus, it has less sugar and is lower in fat, making it perfect for indulging.', 19000, 'https://insanelygoodrecipes.com/wp-content/uploads/2022/10/Sherbet.webp'),
(gen_random_uuid(), 'Sherbet', 'Ice Cream', 'It''s a bit fizzy, a little sweet, and a whole lot of fun!  This frozen treat comes in different flavors and is perfect if you want sweet-tart combos.', 15000, 'https://insanelygoodrecipes.com/wp-content/uploads/2022/10/Sorbet.webp'),
(gen_random_uuid(), 'Sorbet', 'Ice Cream', 'This frozen delight has little to no dairy. Instead, it features a mix of fruit juice or purée, sweetened water, and egg whites.  It''s perfect if you want a boozy kick to your cold dessert. You can add a drizzle of wine or liqueur for the perfect party treat.', 25000, 'https://insanelygoodrecipes.com/wp-content/uploads/2022/10/Frozen-Yogurt-1.webp'),
(gen_random_uuid(), 'Frozen Yogurt', 'Ice Cream', 'Frozen yogurt has an array of flavors that you can enjoy.  Whether you want something indulgent or something fruity, this cold treat is a perfect choice.', 20000, 'https://insanelygoodrecipes.com/wp-content/uploads/2022/10/Soft-Serve.webp'),
(gen_random_uuid(), 'Soft Serve', 'Ice Cream', 'It''s sometimes called "whipped ice cream," or "frozen custard." Either way, it typically features milk, ice, and flavorings churned with air.  It has a smooth, fluffy texture that pairs perfectly with sweet syrups and other toppings.  Soft serve ice cream melts in your mouth with absolute indulgence. ', 10000, 'https://insanelygoodrecipes.com/wp-content/uploads/2022/10/Ice-Popsicle.webp'),
(gen_random_uuid(), 'Kulfi', 'Ice Cream', 'Kulfi is a traditional Indian dessert made from milk, sugar, nuts, and fruit.  It''s infused with rich flavors and spices like saffron, cardamom, and rosewater, making it unique.  The rich, creamy goodness of kulfi makes it perfect if you love indulging in a treat.  And it has a satisfying crunch from the nuts that cuts through the dense texture.', 15000, 'https://insanelygoodrecipes.com/wp-content/uploads/2022/10/Mochi-Ice-Cream.webp');

-- Session Table
CREATE TABLE session (
  sid varchar PRIMARY KEY,
  sess json NOT NULL,
  expire timestamp NOT NULL
);
*/