[{
  "_id": {
    "$oid": "6597ed298d46ba1129940294"
  },
  "customer": "Tran Thi Mai",
  "phonenumber": "0987654321",
  "address": "742 Evergreen Terrace, Springfield, USA",
  "csw_username": "maimai456",
  "products": [
    {
      "productId": {
        "$oid": "658ce188eb6bf7226670e492"
      },
      "photo": [
        "https://www.boulangerie22.ph/Product/GetPhoto?barcode=ABI00005552"
      ],
      "name": "Cheesy Pork Floss",
      "price": 40000,
      "qty": 1,
      "totalCost": 40000,
      "_id": {
        "$oid": "6597ebe297f6b79b10c4631b"
      }
    }
  ],
  "totalcost": 40000,
  "delivered": true,
  "declined": false,
  "deleted": false,
  "createdAt": {
    "$date": "2024-01-05T11:51:05.861Z"
  },
  "updatedAt": {
    "$date": "2024-01-05T16:30:42.707Z"
  },
  "__v": 0
},
{
  "_id": {
    "$oid": "6598052bd28c9a827cc061a8"
  },
  "customer": "Tran Thi Mai",
  "phonenumber": "0987654321",
  "address": "742 Evergreen Terrace, Springfield, USA",
  "products": [
    {
      "productId": {
        "$oid": "658ce188eb6bf7226670e492"
      },
      "photo": [
        "https://www.boulangerie22.ph/Product/GetPhoto?barcode=ABI00005552"
      ],
      "name": "Cheesy Pork Floss",
      "price": 40000,
      "qty": 1,
      "totalCost": 40000,
      "_id": {
        "$oid": "6597ebe297f6b79b10c4631b"
      }
    },
    {
      "productId": {
        "$oid": "658ce03323d6b21914d63947"
      },
      "photo": [
        "https://burpple-1.imgix.net/foods/62ff74b3f0933f695a21638961_original.?w=645&amp;dpr=1&amp;fit=crop&amp;q=80&amp;auto=format"
      ],
      "name": "Sesame Baguette Salad",
      "price": 25000,
      "qty": 2,
      "totalCost": 50000,
      "_id": {
        "$oid": "65980522d28c9a827cc06197"
      }
    }
  ],
  "totalcost": 90000,
  "delivered": true,
  "declined": true,
  "deleted": false,
  "createdAt": {
    "$date": "2024-01-05T13:33:31.069Z"
  },
  "updatedAt": {
    "$date": "2024-01-05T16:31:01.008Z"
  },
  "__v": 0
},
{
  "_id": {
    "$oid": "659806c2afee7bdd4b41af23"
  },
  "customer": "Tran Thi Mai",
  "phonenumber": "0987654321",
  "address": "742 Evergreen Terrace, Springfield, USA",
  "products": [
    {
      "productId": {
        "$oid": "658ce0d1eb6bf7226670e443"
      },
      "photo": [
        "https://od-prod-content.s3.us-east-2.amazonaws.com/10000281/menuItemMaster/images/774345.jpg"
      ],
      "name": "Brioche Rolls (4ct)",
      "price": 30000,
      "qty": 3,
      "totalCost": 90000,
      "_id": {
        "$oid": "65980693afee7bdd4b41aee0"
      }
    },
    {
      "productId": {
        "$oid": "658ce0f7eb6bf7226670e45d"
      },
      "photo": [
        "https://www.elmundoeats.com/wp-content/uploads/2019/07/Chinese-Sausage-Bread.jpg"
      ],
      "name": "Sausage Bun",
      "price": 35000,
      "qty": 3,
      "totalCost": 105000,
      "_id": {
        "$oid": "6598069fafee7bdd4b41aee9"
      }
    }
  ],
  "totalcost": 195000,
  "delivered": true,
  "declined": false,
  "deleted": false,
  "createdAt": {
    "$date": "2024-01-05T13:40:18.183Z"
  },
  "updatedAt": {
    "$date": "2024-01-06T03:01:51.005Z"
  },
  "__v": 0
},
{
  "_id": {
    "$oid": "65980725afee7bdd4b41af37"
  },
  "customer": "Tran Thi Mai",
  "phonenumber": "0987654321",
  "address": "742 Evergreen Terrace, Springfield, USA",
  "products": [
    {
      "productId": {
        "$oid": "658ce03323d6b21914d63947"
      },
      "photo": [
        "https://burpple-1.imgix.net/foods/62ff74b3f0933f695a21638961_original.?w=645&amp;dpr=1&amp;fit=crop&amp;q=80&amp;auto=format"
      ],
      "name": "Sesame Baguette Salad",
      "price": 25000,
      "qty": 1,
      "totalCost": 25000,
      "_id": {
        "$oid": "65980722afee7bdd4b41af30"
      }
    }
  ],
  "totalcost": 25000,
  "delivered": true,
  "declined": true,
  "deleted": false,
  "createdAt": {
    "$date": "2024-01-05T13:41:57.593Z"
  },
  "updatedAt": {
    "$date": "2024-01-05T16:31:03.623Z"
  },
  "__v": 0
},
{
  "_id": {
    "$oid": "6598072eafee7bdd4b41af47"
  },
  "customer": "Tran Thi Mai",
  "phonenumber": "0987654321",
  "address": "742 Evergreen Terrace, Springfield, USA",
  "products": [
    {
      "productId": {
        "$oid": "658ce05223d6b21914d63955"
      },
      "photo": [
        "https://abcbakery.co/wp-content/uploads/Bread07-.png"
      ],
      "name": "Sausage Danish",
      "price": 25000,
      "qty": 1,
      "totalCost": 25000,
      "_id": {
        "$oid": "6598072bafee7bdd4b41af40"
      }
    }
  ],
  "totalcost": 25000,
  "delivered": true,
  "declined": false,
  "deleted": false,
  "createdAt": {
    "$date": "2024-01-05T13:42:06.729Z"
  },
  "updatedAt": {
    "$date": "2024-01-05T16:30:45.534Z"
  },
  "__v": 0
},
{
  "_id": {
    "$oid": "659813804358cb82eb344f6e"
  },
  "customer": "Pham Thi Thu",
  "phonenumber": "0967123456",
  "address": "12 Grimmauld Place, London, UK",
  "csw_username": "thuthu789",
  "products": [
    {
      "productId": {
        "$oid": "658ce85ef7fe854cf3ee67b0"
      },
      "photo": [
        "https://vaniebakery.com/wp-content/uploads/2022/02/IMG_6911.png"
      ],
      "name": "Tiramisu",
      "price": 27000,
      "qty": 1,
      "totalCost": 27000,
      "_id": {
        "$oid": "6598130d33ca4706a72e356f"
      }
    },
    {
      "productId": {
        "$oid": "658ce354eb6bf7226670e52c"
      },
      "photo": [
        "https://od-prod-content.s3.us-east-2.amazonaws.com/10000281/menuItemMaster/images/774103.jpg"
      ],
      "name": "Chocolate Croissant",
      "price": 15000,
      "qty": 7,
      "totalCost": 105000,
      "_id": {
        "$oid": "659813704358cb82eb344f5d"
      }
    }
  ],
  "totalcost": 132000,
  "delivered": false,
  "declined": false,
  "deleted": false,
  "createdAt": {
    "$date": "2024-01-05T14:34:40.037Z"
  },
  "updatedAt": {
    "$date": "2024-01-05T14:34:40.037Z"
  },
  "__v": 0
},
{
  "_id": {
    "$oid": "65982e9e2b514359e33462c3"
  },
  "customer": "Pham Thi Thu",
  "phonenumber": "0967123456",
  "address": "12 Grimmauld Place, London, UK",
  "csw_username": "thuthu789",
  "products": [
    {
      "productId": {
        "$oid": "658cea1f06439f8fe38e8af9"
      },
      "photo": [
        "https://product.hstatic.net/1000141988/product/nuoc_ngot_7up_huong_chanh_lon_330_ml_63d1cee15d314dc39522d5e83784d4d4.jpg"
      ],
      "name": "7-UP",
      "price": 17000,
      "qty": 1,
      "totalCost": 17000,
      "_id": {
        "$oid": "65982e8c2b514359e33462a7"
      }
    },
    {
      "productId": {
        "$oid": "658cf0726639e06215575343"
      },
      "photo": [
        "https://insanelygoodrecipes.com/wp-content/uploads/2022/10/Sorbet.webp"
      ],
      "name": "Sherbet",
      "price": 15000,
      "qty": 1,
      "totalCost": 15000,
      "_id": {
        "$oid": "65982e932b514359e33462af"
      }
    },
    {
      "productId": {
        "$oid": "658ce188eb6bf7226670e492"
      },
      "photo": [
        "https://www.boulangerie22.ph/Product/GetPhoto?barcode=ABI00005552"
      ],
      "name": "Cheesy Pork Floss",
      "price": 40000,
      "qty": 2,
      "totalCost": 80000,
      "_id": {
        "$oid": "65982e9a2b514359e33462b9"
      }
    }
  ],
  "totalcost": 112000,
  "delivered": true,
  "declined": false,
  "deleted": false,
  "createdAt": {
    "$date": "2024-01-05T16:30:22.552Z"
  },
  "updatedAt": {
    "$date": "2024-01-05T16:30:51.678Z"
  },
  "__v": 0
},
{
  "_id": {
    "$oid": "659830402f3a0b9e774ede61"
  },
  "customer": "Trinh Thuy Linh",
  "phonenumber": "0987654789",
  "address": "123 Main Street, Pleasantville, USA",
  "csw_username": "linhlinh1",
  "products": [
    {
      "productId": {
        "$oid": "658ce246eb6bf7226670e4ca"
      },
      "photo": [
        "https://abcbakery.co/wp-content/uploads/Pastry07-.png"
      ],
      "name": "Blueberry Mung Bean Bun",
      "price": 31000,
      "qty": 1,
      "totalCost": 31000,
      "_id": {
        "$oid": "659830262f3a0b9e774ede45"
      }
    },
    {
      "productId": {
        "$oid": "658ce428eb6bf7226670e556"
      },
      "photo": [
        "https://abcbakery.co/wp-content/uploads/SliCake09-.png"
      ],
      "name": "Orange Vani",
      "price": 18000,
      "qty": 1,
      "totalCost": 18000,
      "_id": {
        "$oid": "659830352f3a0b9e774ede4d"
      }
    },
    {
      "productId": {
        "$oid": "658ce8e2f7fe854cf3ee67cc"
      },
      "photo": [
        "https://vaniebakery.com/wp-content/uploads/2020/07/tart-cheese-dau.png"
      ],
      "name": "Strawberry Tart Cheese",
      "price": 30000,
      "qty": 3,
      "totalCost": 90000,
      "_id": {
        "$oid": "6598303c2f3a0b9e774ede57"
      }
    }
  ],
  "totalcost": 139000,
  "delivered": false,
  "declined": false,
  "deleted": false,
  "createdAt": {
    "$date": "2024-01-05T16:37:20.033Z"
  },
  "updatedAt": {
    "$date": "2024-01-05T16:37:20.033Z"
  },
  "__v": 0
},
{
  "_id": {
    "$oid": "65983d01308fc1fb1c58b2ef"
  },
  "customer": "Hoang Van Nam",
  "phonenumber": "0918234567",
  "address": "4 Privet Drive, Little Whinging, Surrey, UK",
  "csw_username": "namnam11",
  "products": [
    {
      "productId": {
        "$oid": "658ce0f7eb6bf7226670e45d"
      },
      "photo": [
        "https://www.elmundoeats.com/wp-content/uploads/2019/07/Chinese-Sausage-Bread.jpg"
      ],
      "name": "Sausage Bun",
      "price": 35000,
      "qty": 3,
      "totalCost": 105000,
      "_id": {
        "$oid": "65963b7edbfe08fdd86ec4b7"
      }
    },
    {
      "productId": {
        "$oid": "658ce01423d6b21914d63939"
      },
      "photo": [
        "https://images.eatsmarter.com/sites/default/files/styles/max_size/public/baguette-topped-with-salad-625768.jpg"
      ],
      "name": "Baguette Salad",
      "price": 18000,
      "qty": 1,
      "totalCost": 18000,
      "_id": {
        "$oid": "65983c28308fc1fb1c58b2bf"
      }
    }
  ],
  "totalcost": 123000,
  "delivered": false,
  "declined": false,
  "deleted": false,
  "createdAt": {
    "$date": "2024-01-05T17:31:45.842Z"
  },
  "updatedAt": {
    "$date": "2024-01-05T17:31:45.842Z"
  },
  "__v": 0
},
{
  "_id": {
    "$oid": "65983d83d08b55f6673769ad"
  },
  "customer": "Vu Van Anh",
  "phonenumber": "0978111222",
  "address": "567 Oak Avenue, Rivertown, Canada",
  "csw_username": "anhvu567",
  "products": [
    {
      "productId": {
        "$oid": "658ce03323d6b21914d63947"
      },
      "photo": [
        "https://burpple-1.imgix.net/foods/62ff74b3f0933f695a21638961_original.?w=645&amp;dpr=1&amp;fit=crop&amp;q=80&amp;auto=format"
      ],
      "name": "Sesame Baguette Salad",
      "price": 25000,
      "qty": 4,
      "totalCost": 100000,
      "_id": {
        "$oid": "6595803d667c49b22cd63760"
      }
    },
    {
      "productId": {
        "$oid": "658ce05223d6b21914d63955"
      },
      "photo": [
        "https://abcbakery.co/wp-content/uploads/Bread07-.png"
      ],
      "name": "Sausage Danish",
      "price": 25000,
      "qty": 7,
      "totalCost": 175000,
      "_id": {
        "$oid": "65958043667c49b22cd6376a"
      }
    },
    {
      "productId": {
        "$oid": "658ce01423d6b21914d63939"
      },
      "photo": [
        "https://images.eatsmarter.com/sites/default/files/styles/max_size/public/baguette-topped-with-salad-625768.jpg"
      ],
      "name": "Baguette Salad",
      "price": 18000,
      "qty": 3,
      "totalCost": 54000,
      "_id": {
        "$oid": "6595804e667c49b22cd63776"
      }
    }
  ],
  "totalcost": 329000,
  "delivered": true,
  "declined": false,
  "deleted": false,
  "createdAt": {
    "$date": "2024-01-05T17:33:55.162Z"
  },
  "updatedAt": {
    "$date": "2024-01-05T20:13:03.690Z"
  },
  "__v": 0
},
{
  "_id": {
    "$oid": "659863dbdadbf1f5a8060d93"
  },
  "customer": "Tran Thi Mai",
  "phonenumber": "0987654321",
  "address": "742 Evergreen Terrace, Springfield, USA",
  "csw_username": "maimai456",
  "products": [
    {
      "productId": {
        "$oid": "658ce03323d6b21914d63947"
      },
      "photo": [
        "https://burpple-1.imgix.net/foods/62ff74b3f0933f695a21638961_original.?w=645&amp;dpr=1&amp;fit=crop&amp;q=80&amp;auto=format"
      ],
      "name": "Sesame Baguette Salad",
      "price": 25000,
      "qty": 2,
      "totalCost": 50000,
      "_id": {
        "$oid": "6598635bdadbf1f5a8060d56"
      }
    },
    {
      "productId": {
        "$oid": "658ce05223d6b21914d63955"
      },
      "photo": [
        "https://abcbakery.co/wp-content/uploads/Bread07-.png"
      ],
      "name": "Sausage Danish",
      "price": 25000,
      "qty": 2,
      "totalCost": 50000,
      "_id": {
        "$oid": "6598635edadbf1f5a8060d5c"
      }
    },
    {
      "productId": {
        "$oid": "658ce01423d6b21914d63939"
      },
      "photo": [
        "https://images.eatsmarter.com/sites/default/files/styles/max_size/public/baguette-topped-with-salad-625768.jpg"
      ],
      "name": "Baguette Salad",
      "price": 18000,
      "qty": 1,
      "totalCost": 18000,
      "_id": {
        "$oid": "65986361dadbf1f5a8060d63"
      }
    }
  ],
  "totalcost": 118000,
  "delivered": true,
  "declined": false,
  "deleted": false,
  "createdAt": {
    "$date": "2024-01-05T20:17:31.127Z"
  },
  "updatedAt": {
    "$date": "2024-01-06T03:01:45.356Z"
  },
  "__v": 0
},
{
  "_id": {
    "$oid": "659866e9dadbf1f5a8060df5"
  },
  "customer": "Tran Thi Mai",
  "phonenumber": "0987654321",
  "address": "742 Evergreen Terrace, Springfield, USA",
  "csw_username": "maimai456",
  "products": [
    {
      "productId": {
        "$oid": "658ce0d1eb6bf7226670e443"
      },
      "photo": [
        "https://od-prod-content.s3.us-east-2.amazonaws.com/10000281/menuItemMaster/images/774345.jpg"
      ],
      "name": "Brioche Rolls (4ct)",
      "price": 30000,
      "qty": 2,
      "totalCost": 60000,
      "_id": {
        "$oid": "6598669bdadbf1f5a8060db8"
      }
    },
    {
      "productId": {
        "$oid": "658ce03323d6b21914d63947"
      },
      "photo": [
        "https://burpple-1.imgix.net/foods/62ff74b3f0933f695a21638961_original.?w=645&amp;dpr=1&amp;fit=crop&amp;q=80&amp;auto=format"
      ],
      "name": "Sesame Baguette Salad",
      "price": 25000,
      "qty": 1,
      "totalCost": 25000,
      "_id": {
        "$oid": "659866a0dadbf1f5a8060dbe"
      }
    },
    {
      "productId": {
        "$oid": "658ce0f7eb6bf7226670e45d"
      },
      "photo": [
        "https://www.elmundoeats.com/wp-content/uploads/2019/07/Chinese-Sausage-Bread.jpg"
      ],
      "name": "Sausage Bun",
      "price": 35000,
      "qty": 3,
      "totalCost": 105000,
      "_id": {
        "$oid": "659866c1dadbf1f5a8060dc9"
      }
    }
  ],
  "totalcost": 190000,
  "delivered": false,
  "declined": false,
  "deleted": false,
  "createdAt": {
    "$date": "2024-01-05T20:30:33.909Z"
  },
  "updatedAt": {
    "$date": "2024-01-05T20:30:33.909Z"
  },
  "__v": 0
},
{
  "_id": {
    "$oid": "65986908dadbf1f5a8060e64"
  },
  "customer": "Tran Thi Mai",
  "phonenumber": "0987654321",
  "address": "742 Evergreen Terrace, Springfield, USA",
  "csw_username": "maimai456",
  "products": [
    {
      "productId": {
        "$oid": "658ce03323d6b21914d63947"
      },
      "photo": [
        "https://burpple-1.imgix.net/foods/62ff74b3f0933f695a21638961_original.?w=645&amp;dpr=1&amp;fit=crop&amp;q=80&amp;auto=format"
      ],
      "name": "Sesame Baguette Salad",
      "price": 25000,
      "qty": 2,
      "totalCost": 50000,
      "_id": {
        "$oid": "6598688adadbf1f5a8060e36"
      }
    },
    {
      "productId": {
        "$oid": "658ce05223d6b21914d63955"
      },
      "photo": [
        "https://abcbakery.co/wp-content/uploads/Bread07-.png"
      ],
      "name": "Sausage Danish",
      "price": 25000,
      "qty": 1,
      "totalCost": 25000,
      "_id": {
        "$oid": "6598688fdadbf1f5a8060e3c"
      }
    },
    {
      "productId": {
        "$oid": "658ce0d1eb6bf7226670e443"
      },
      "photo": [
        "https://od-prod-content.s3.us-east-2.amazonaws.com/10000281/menuItemMaster/images/774345.jpg"
      ],
      "name": "Brioche Rolls (4ct)",
      "price": 30000,
      "qty": 1,
      "totalCost": 30000,
      "_id": {
        "$oid": "659868a6dadbf1f5a8060e43"
      }
    },
    {
      "productId": {
        "$oid": "658ce0f7eb6bf7226670e45d"
      },
      "photo": [
        "https://www.elmundoeats.com/wp-content/uploads/2019/07/Chinese-Sausage-Bread.jpg"
      ],
      "name": "Sausage Bun",
      "price": 35000,
      "qty": 1,
      "totalCost": 35000,
      "_id": {
        "$oid": "659868aedadbf1f5a8060e4b"
      }
    }
  ],
  "totalcost": 140000,
  "delivered": true,
  "declined": false,
  "deleted": false,
  "createdAt": {
    "$date": "2024-01-05T20:39:36.692Z"
  },
  "updatedAt": {
    "$date": "2024-01-06T03:01:43.023Z"
  },
  "__v": 0
}]