[{
  "_id": {
    "$oid": "65994589b5cce660d5fac905"
  },
  "firstName": "Quân",
  "lastName": "Mạnh",
  "email": "homanhquan1812@gmail.com",
  "phone": "+84906877581",
  "message": "Good Services",
  "deleted": false,
  "createdAt": {
    "$date": "2024-01-06T12:20:25.365Z"
  },
  "updatedAt": {
    "$date": "2024-01-06T12:20:25.365Z"
  },
  "__v": 0
},
{
  "_id": {
    "$oid": "659945bdb5cce660d5fac907"
  },
  "firstName": "Quân",
  "lastName": "Mạnh",
  "email": "homanhquan1812@gmail.com",
  "phone": "+84906877581",
  "message": "Good Food",
  "deleted": false,
  "createdAt": {
    "$date": "2024-01-06T12:21:17.498Z"
  },
  "updatedAt": {
    "$date": "2024-01-06T12:21:17.498Z"
  },
  "__v": 0
},
{
  "_id": {
    "$oid": "6599466ab5cce660d5fac909"
  },
  "firstName": "Quân",
  "lastName": "Mạnh",
  "email": "homanhquan1812@gmail.com",
  "phone": "+84906877581",
  "message": "Staffs are good",
  "deleted": false,
  "createdAt": {
    "$date": "2024-01-06T12:24:10.625Z"
  },
  "updatedAt": {
    "$date": "2024-01-06T12:24:10.625Z"
  },
  "__v": 0
},
{
  "_id": {
    "$oid": "659946abb5cce660d5fac92b"
  },
  "firstName": "Quân",
  "lastName": "Mạnh",
  "email": "homanhquan1812@gmail.com",
  "phone": "+84906877581",
  "message": "Price is good for low-spenders",
  "deleted": false,
  "createdAt": {
    "$date": "2024-01-06T12:25:15.223Z"
  },
  "updatedAt": {
    "$date": "2024-01-06T12:25:15.223Z"
  },
  "__v": 0
}]