[{
  "_id": {
    "$oid": "6569afb8b863048718be436b"
  },
  "csw_name": "Tran Thi Mai",
  "csw_gender": "Female",
  "csw_phonenumber": "0987654321",
  "csw_username": "maimai456",
  "csw_emailaddress": "mai.tran@yahoo.com",
  "csw_password": "Mai@456#1990",
  "csw_address": "742 Evergreen Terrace, Springfield, USA",
  "csw_cart": {
    "items": [],
    "totalPrice": 0
  },
  "__v": 113,
  "deleted": false,
  "updatedAt": {
    "$date": "2024-01-05T20:39:36.770Z"
  }
},
{
  "_id": {
    "$oid": "6569afb8b863048718be436c"
  },
  "csw_name": "Le Quoc Huy",
  "csw_gender": "Male",
  "csw_phonenumber": "0909123456",
  "csw_username": "huyhuy123",
  "csw_emailaddress": "huy.le@gmail.com",
  "csw_password": "Huy@123#1985",
  "csw_address": "221B Baker Street, London, UK",
  "csw_cart": {
    "items": [
      {
        "productId": {
          "$oid": "658ce01423d6b21914d63939"
        },
        "photo": [
          "https://images.eatsmarter.com/sites/default/files/styles/max_size/public/baguette-topped-with-salad-625768.jpg"
        ],
        "name": "Baguette Salad",
        "price": 18000,
        "qty": 8,
        "totalCost": 144000,
        "_id": {
          "$oid": "65951656c011376f763a26bf"
        }
      },
      {
        "productId": {
          "$oid": "658ce386eb6bf7226670e53a"
        },
        "photo": [
          "https://www.tastingtable.com/img/gallery/portuguese-egg-tart-recipe-pastry/intro-1641242937.webp"
        ],
        "name": "Egg Tart",
        "price": 15000,
        "qty": 2,
        "totalCost": 30000,
        "_id": {
          "$oid": "6595165ec011376f763a26ce"
        }
      },
      {
        "productId": {
          "$oid": "658ce246eb6bf7226670e4ca"
        },
        "photo": [
          "https://abcbakery.co/wp-content/uploads/Pastry07-.png"
        ],
        "name": "Blueberry Mung Bean Bun",
        "price": 31000,
        "qty": 1,
        "totalCost": 31000,
        "_id": {
          "$oid": "659532634443a5d7a2ffab34"
        }
      },
      {
        "productId": {
          "$oid": "658ce0d1eb6bf7226670e443"
        },
        "photo": [
          "https://od-prod-content.s3.us-east-2.amazonaws.com/10000281/menuItemMaster/images/774345.jpg"
        ],
        "name": "Brioche Rolls (4ct)",
        "price": 30000,
        "qty": 1,
        "totalCost": 30000,
        "_id": {
          "$oid": "6595362d6a944b79221e708c"
        }
      },
      {
        "productId": {
          "$oid": "658ce33beb6bf7226670e51e"
        },
        "photo": [
          "https://od-prod-content.s3.us-east-2.amazonaws.com/10000281/menuItemMaster/images/774383.jpg"
        ],
        "name": "Croissant",
        "price": 12000,
        "qty": 1,
        "totalCost": 12000,
        "_id": {
          "$oid": "659536996a944b79221e70b2"
        }
      },
      {
        "productId": {
          "$oid": "658ce354eb6bf7226670e52c"
        },
        "photo": [
          "https://od-prod-content.s3.us-east-2.amazonaws.com/10000281/menuItemMaster/images/774103.jpg"
        ],
        "name": "Chocolate Croissant",
        "price": 15000,
        "qty": 5,
        "totalCost": 75000,
        "_id": {
          "$oid": "659537ddd01046a8275112b6"
        }
      },
      {
        "productId": {
          "$oid": "658ce0f7eb6bf7226670e45d"
        },
        "photo": [
          "https://www.elmundoeats.com/wp-content/uploads/2019/07/Chinese-Sausage-Bread.jpg"
        ],
        "name": "Sausage Bun",
        "price": 35000,
        "qty": 2,
        "totalCost": 70000,
        "_id": {
          "$oid": "6597f1893d3f274497026d84"
        }
      }
    ],
    "totalPrice": 392000
  },
  "__v": 15,
  "deleted": false,
  "updatedAt": {
    "$date": "2024-01-05T12:09:47.646Z"
  }
},
{
  "_id": {
    "$oid": "6569afb8b863048718be436d"
  },
  "csw_name": "Pham Thi Thu",
  "csw_gender": "Female",
  "csw_phonenumber": "0967123456",
  "csw_username": "thuthu789",
  "csw_emailaddress": "thu.pham@hotmail.com",
  "csw_password": "Thu#789@1992",
  "csw_address": "12 Grimmauld Place, London, UK",
  "csw_cart": {
    "items": [],
    "totalPrice": 0
  },
  "deleted": false,
  "__v": 7,
  "updatedAt": {
    "$date": "2024-01-05T16:30:22.821Z"
  }
},
{
  "_id": {
    "$oid": "6569afb8b863048718be436e"
  },
  "csw_name": "Hoang Van Nam",
  "csw_gender": "Male",
  "csw_phonenumber": "0918234567",
  "csw_username": "namnam11",
  "csw_emailaddress": "nam.hoang@gmail.com",
  "csw_password": "Nam@11#1987",
  "csw_address": "4 Privet Drive, Little Whinging, Surrey, UK",
  "csw_cart": {
    "items": [],
    "totalPrice": 0
  },
  "deleted": false,
  "__v": 17,
  "updatedAt": {
    "$date": "2024-01-05T17:31:46.261Z"
  }
},
{
  "_id": {
    "$oid": "6569afb8b863048718be436f"
  },
  "csw_name": "Trinh Thuy Linh",
  "csw_gender": "Female",
  "csw_phonenumber": "0987654789",
  "csw_username": "linhlinh1",
  "csw_emailaddress": "linh.trinh@yahoo.com",
  "csw_password": "Linh@1#1995",
  "csw_address": "123 Main Street, Pleasantville, USA",
  "csw_cart": {
    "items": [
      {
        "productId": {
          "$oid": "658ce99b06439f8fe38e8acf"
        },
        "photo": [
          "https://www.recipetineats.com/wp-content/uploads/2018/09/Creamy-Mushroom-Sauce_3.jpg?resize=650,910"
        ],
        "name": "Mushroom Sauce",
        "price": 34000,
        "qty": 1,
        "totalCost": 34000,
        "_id": {
          "$oid": "6598304d2f3a0b9e774ede6a"
        }
      },
      {
        "productId": {
          "$oid": "658ce386eb6bf7226670e53a"
        },
        "photo": [
          "https://www.tastingtable.com/img/gallery/portuguese-egg-tart-recipe-pastry/intro-1641242937.webp"
        ],
        "name": "Egg Tart",
        "price": 15000,
        "qty": 1,
        "totalCost": 15000,
        "_id": {
          "$oid": "659830542f3a0b9e774ede70"
        }
      },
      {
        "productId": {
          "$oid": "658ce2e3eb6bf7226670e4f4"
        },
        "photo": [
          "https://cdn.store-assets.com/s/630301/i/20102376.jpg?width=1024&format=webp"
        ],
        "name": "Custard Wormie Bread",
        "price": 32000,
        "qty": 1,
        "totalCost": 32000,
        "_id": {
          "$oid": "659831f3737980993978429e"
        }
      },
      {
        "productId": {
          "$oid": "658ce1caeb6bf7226670e4a0"
        },
        "photo": [
          "https://od-prod-content.s3.us-east-2.amazonaws.com/10000281/menuItemMaster/images/773966.jpg"
        ],
        "name": "Baguette",
        "price": 10000,
        "qty": 1,
        "totalCost": 10000,
        "_id": {
          "$oid": "65983243d9de77f8e43723d5"
        }
      },
      {
        "productId": {
          "$oid": "658ce97c06439f8fe38e8ac1"
        },
        "photo": [
          "https://vaniebakery.com/wp-content/uploads/2023/05/IMG_4344-800x800.png.webp"
        ],
        "name": "Mango Cheese Bathed Buns",
        "price": 39000,
        "qty": 1,
        "totalCost": 39000,
        "_id": {
          "$oid": "659832d09034a194be04ecb2"
        }
      },
      {
        "productId": {
          "$oid": "658ce3abeb6bf7226670e548"
        },
        "photo": [
          "https://od-prod-content.s3.us-east-2.amazonaws.com/10000281/menuItemMaster/images/837258.jpg"
        ],
        "name": "Sugar Mochi Donut",
        "price": 15000,
        "qty": 2,
        "totalCost": 30000,
        "_id": {
          "$oid": "659832d99034a194be04ecbf"
        }
      }
    ],
    "totalPrice": 160000
  },
  "deleted": false,
  "__v": 10,
  "updatedAt": {
    "$date": "2024-01-05T16:48:25.133Z"
  }
},
{
  "_id": {
    "$oid": "6569afb8b863048718be4370"
  },
  "csw_name": "Vu Van Anh",
  "csw_gender": "Female",
  "csw_phonenumber": "0978111222",
  "csw_username": "anhvu567",
  "csw_emailaddress": "anh.vu@gmail.com",
  "csw_password": "Anh@567#1988",
  "csw_address": "567 Oak Avenue, Rivertown, Canada",
  "csw_cart": {
    "items": [],
    "totalPrice": 0
  },
  "deleted": false,
  "__v": 10,
  "updatedAt": {
    "$date": "2024-01-05T17:33:55.254Z"
  }
},
{
  "_id": {
    "$oid": "6569afb8b863048718be4371"
  },
  "csw_name": "Nguyen Minh Duc",
  "csw_gender": "Male",
  "csw_phonenumber": "0934123456",
  "csw_username": "ducminh99",
  "csw_emailaddress": "duc.nguyen@hotmail.com",
  "csw_password": "Duc@99#1991",
  "csw_address": "890 Elm Lane, Greenfield, Australia",
  "csw_cart": {
    "items": [],
    "totalPrice": 0
  },
  "deleted": false
},
{
  "_id": {
    "$oid": "6569afb8b863048718be4372"
  },
  "csw_name": "Le Thi Hoa",
  "csw_gender": "Female",
  "csw_phonenumber": "0966123456",
  "csw_username": "hoahoa888",
  "csw_emailaddress": "hoa.le@yahoo.com",
  "csw_password": "Hoa@888#1993",
  "csw_address": "456 Pine Street, Hilltop, USA",
  "csw_cart": {
    "items": [],
    "totalPrice": 0
  },
  "deleted": true,
  "__v": 10,
  "updatedAt": {
    "$date": "2024-01-06T05:21:04.060Z"
  },
  "deletedAt": {
    "$date": "2024-01-06T05:21:04.059Z"
  }
},
{
  "_id": {
    "$oid": "658f2499086a5a02f8f31834"
  },
  "csw_name": "Minh",
  "csw_gender": "Male",
  "csw_phonenumber": "0123123123",
  "csw_username": "minh123",
  "csw_emailaddress": "minh.nguyen925@hcmut.edu.vn",
  "csw_password": "123456",
  "deleted": true,
  "createdAt": {
    "$date": "2023-12-29T19:57:13.926Z"
  },
  "updatedAt": {
    "$date": "2024-01-06T04:55:08.207Z"
  },
  "__v": 0,
  "csw_address": "321 Maple Avenue, Lakeside, Canada",
  "csw_cart": {
    "items": [],
    "totalPrice": 0
  },
  "deletedAt": {
    "$date": "2024-01-06T04:55:08.205Z"
  }
},
{
  "_id": {
    "$oid": "6591430272c973190c7661cc"
  },
  "csw_name": "Quân Hồ Mạnh",
  "csw_gender": "Male",
  "csw_phonenumber": "0906877581",
  "csw_address": "449 Thong Nhat, Ward 11, Go Vap District",
  "csw_username": "homanhquan123",
  "csw_emailaddress": "homanhquan1812@gmail.com",
  "csw_password": "Sussybaka",
  "deleted": true,
  "createdAt": {
    "$date": "2023-12-31T10:31:30.635Z"
  },
  "updatedAt": {
    "$date": "2024-01-06T04:51:46.721Z"
  },
  "__v": 4,
  "csw_cart": {
    "items": [
      {
        "productId": {
          "$oid": "658ce188eb6bf7226670e492"
        },
        "photo": [
          "https://www.boulangerie22.ph/Product/GetPhoto?barcode=ABI00005552"
        ],
        "name": "Cheesy Pork Floss",
        "price": 40000,
        "qty": 2,
        "totalCost": 80000,
        "_id": {
          "$oid": "65962950342e406b05925094"
        }
      },
      {
        "productId": {
          "$oid": "658ce0f7eb6bf7226670e45d"
        },
        "photo": [
          "https://www.elmundoeats.com/wp-content/uploads/2019/07/Chinese-Sausage-Bread.jpg"
        ],
        "name": "Sausage Bun",
        "price": 35000,
        "qty": 3,
        "totalCost": 105000,
        "_id": {
          "$oid": "65962960342e406b0592509d"
        }
      }
    ],
    "totalPrice": 185000
  },
  "deletedAt": {
    "$date": "2024-01-06T04:51:46.720Z"
  }
},
{
  "_id": {
    "$oid": "659823019abba999d87fcfd9"
  },
  "csw_name": "Le Ngoc Duyen",
  "csw_gender": "Female",
  "csw_phonenumber": "0388349307",
  "csw_address": "149/33B6 Banh Van Tran ward 7 Tan Binh District",
  "csw_username": "duyenln25",
  "csw_emailaddress": "duyenle255124@gmail.com",
  "csw_password": "duyenln25520012",
  "deleted": true,
  "createdAt": {
    "$date": "2024-01-05T15:40:49.819Z"
  },
  "updatedAt": {
    "$date": "2024-01-05T19:15:40.610Z"
  },
  "__v": 0,
  "deletedAt": {
    "$date": "2024-01-05T19:15:40.609Z"
  }
},
{
  "_id": {
    "$oid": "65986c2edadbf1f5a8060f6a"
  },
  "csw_name": "Le Ngoc Duyen",
  "csw_gender": "Female",
  "csw_phonenumber": "038",
  "csw_address": "33B6 Banh Van Tran ",
  "csw_username": "nguyenanhthao123",
  "csw_emailaddress": "duyen@gmail.com",
  "csw_password": "Thao#123@2022",
  "csw_cart": {
    "items": []
  },
  "deleted": true,
  "createdAt": {
    "$date": "2024-01-05T20:53:02.632Z"
  },
  "updatedAt": {
    "$date": "2024-01-05T20:56:20.992Z"
  },
  "__v": 0,
  "deletedAt": {
    "$date": "2024-01-05T20:56:20.992Z"
  }
}]