[{
  "_id": {
    "$oid": "6569afb8b863048718be4361"
  },
  "csw_name": "Nguyen Anh Thao",
  "csw_gender": "Female",
  "csw_phonenumber": "0987654321",
  "csw_username": "nguyenanhthao123",
  "csw_emailaddress": "thao.nguyen123@gmail.com",
  "csw_password": "Thao#123@2022",
  "csw_position": "Manager",
  "csw_department": "Baker",
  "deleted": false,
  "deletedAt": {
    "$date": "2023-12-02T15:38:21.343Z"
  },
  "updatedAt": {
    "$date": "2024-01-06T17:45:00.764Z"
  }
},
{
  "_id": {
    "$oid": "6569afb8b863048718be436a"
  },
  "csw_name": "Nguyen Van Binh",
  "csw_gender": "Male",
  "csw_phonenumber": "0978123456",
  "csw_username": "nguyenbinh789",
  "csw_emailaddress": "binh.nguyen@gmail.com",
  "csw_password": "Binh#789@1989",
  "csw_position": "Employee",
  "csw_department": "456",
  "deleted": true,
  "deletedAt": {
    "$date": "2023-12-16T06:33:41.657Z"
  },
  "updatedAt": {
    "$date": "2023-12-16T06:33:41.657Z"
  }
},
{
  "_id": {
    "$oid": "6569afb8b863048718be4365"
  },
  "csw_name": "Vu Thi Minh",
  "csw_gender": "Female",
  "csw_phonenumber": "0945673211",
  "csw_username": "vuminh567",
  "csw_emailaddress": "minh.vu@gmail.com",
  "csw_password": "Minh#567@1990",
  "csw_position": "Employee",
  "csw_department": "Delivery Driver",
  "updatedAt": {
    "$date": "2024-01-06T17:45:00.767Z"
  },
  "deleted": false,
  "deletedAt": {
    "$date": "2023-12-02T15:41:18.112Z"
  }
},
{
  "_id": {
    "$oid": "6569afb8b863048718be4360"
  },
  "csw_name": "Ho Manh Quan",
  "csw_gender": "Male",
  "csw_phonenumber": "0906877581",
  "csw_username": "homanhquan1812",
  "csw_emailaddress": "homanhquan1812@gmail.com",
  "csw_password": "Quan#1812@2000",
  "csw_position": "Manager",
  "csw_department": "Baker",
  "updatedAt": {
    "$date": "2024-01-06T17:45:00.761Z"
  }
},
{
  "_id": {
    "$oid": "6569afb8b863048718be4362"
  },
  "csw_name": "Le Minh Duc",
  "csw_gender": "Male",
  "csw_phonenumber": "0987654321",
  "csw_username": "leminhduc567",
  "csw_emailaddress": "duc.le@gmail.com",
  "csw_password": "Duc#567@1998",
  "csw_position": "Employee",
  "csw_department": "Frosty Treats",
  "updatedAt": {
    "$date": "2023-12-08T06:34:13.812Z"
  },
  "deleted": true,
  "deletedAt": {
    "$date": "2023-12-08T06:34:13.811Z"
  }
},
{
  "_id": {
    "$oid": "6569afb8b863048718be4366"
  },
  "csw_name": "Nguyen Van Thanh",
  "csw_gender": "Male",
  "csw_phonenumber": "0901234567",
  "csw_username": "nguyenthanh90",
  "csw_emailaddress": "thanh.nguyen@gmail.com",
  "csw_password": "Thanh#90@1988",
  "csw_position": "Employee",
  "csw_department": "Cashier",
  "updatedAt": {
    "$date": "2024-01-06T17:45:00.765Z"
  }
},
{
  "_id": {
    "$oid": "6569afb8b863048718be4368"
  },
  "csw_name": "Tran Van An",
  "csw_gender": "Male",
  "csw_phonenumber": "0987654321",
  "csw_username": "tranvanan321",
  "csw_emailaddress": "an.tran@gmail.com",
  "csw_password": "An#321@1985",
  "csw_position": "Manager",
  "csw_department": "Baker",
  "updatedAt": {
    "$date": "2024-01-06T17:45:01.158Z"
  },
  "deleted": false,
  "deletedAt": {
    "$date": "2023-12-02T10:55:02.416Z"
  }
},
{
  "_id": {
    "$oid": "6569afb8b863048718be4363"
  },
  "csw_name": "Tran Mai Anh",
  "csw_gender": "Female",
  "csw_phonenumber": "0978123456",
  "csw_username": "tranmaianh789",
  "csw_emailaddress": "maianh.tran@gmail.com",
  "csw_password": "MaiAnh#789@2001",
  "csw_position": "Manager",
  "csw_department": "Delivery Driver",
  "updatedAt": {
    "$date": "2024-01-06T17:45:00.817Z"
  }
},
{
  "_id": {
    "$oid": "6569afb8b863048718be4364"
  },
  "csw_name": "Pham Van Hieu",
  "csw_gender": "Male",
  "csw_phonenumber": "0932109876",
  "csw_username": "phamhieu210",
  "csw_emailaddress": "hieu.pham@gmail.com",
  "csw_password": "Hieu#210@1995",
  "csw_position": "Employee",
  "csw_department": "Delivery Driver",
  "updatedAt": {
    "$date": "2024-01-06T17:45:01.605Z"
  }
},
{
  "_id": {
    "$oid": "6569afb8b863048718be4367"
  },
  "csw_name": "Le Thi Huong",
  "csw_gender": "Female",
  "csw_phonenumber": "0923456789",
  "csw_username": "lehuong456",
  "csw_emailaddress": "huong.le@gmail.com",
  "csw_password": "Huong#456@1993",
  "csw_position": "Employee",
  "csw_department": "Cashier",
  "updatedAt": {
    "$date": "2024-01-06T17:45:00.814Z"
  }
},
{
  "_id": {
    "$oid": "6569fbc021e8833dc944597f"
  },
  "deleted": true,
  "createdAt": {
    "$date": "2023-12-01T15:29:04.756Z"
  },
  "updatedAt": {
    "$date": "2023-12-02T03:47:24.177Z"
  },
  "__v": 0,
  "deletedAt": {
    "$date": "2023-12-02T03:47:24.175Z"
  }
},
{
  "_id": {
    "$oid": "6569fbd121e8833dc9445982"
  },
  "deleted": true,
  "createdAt": {
    "$date": "2023-12-01T15:29:21.612Z"
  },
  "updatedAt": {
    "$date": "2023-12-02T03:47:29.210Z"
  },
  "__v": 0,
  "deletedAt": {
    "$date": "2023-12-02T03:47:29.209Z"
  }
},
{
  "_id": {
    "$oid": "6569fbff21e8833dc9445986"
  },
  "deleted": true,
  "createdAt": {
    "$date": "2023-12-01T15:30:07.386Z"
  },
  "updatedAt": {
    "$date": "2023-12-02T03:49:34.388Z"
  },
  "__v": 0,
  "deletedAt": {
    "$date": "2023-12-02T03:49:34.388Z"
  }
},
{
  "_id": {
    "$oid": "6569fc9e9b16723582e769bc"
  },
  "csw_name": "Quân Hồ Mạnh",
  "csw_gender": "",
  "csw_phonenumber": "0906877581",
  "csw_username": "",
  "csw_emailaddress": "homanhquan1812@gmail.com",
  "csw_password": "",
  "csw_position": "",
  "csw_department": "",
  "deleted": true,
  "createdAt": {
    "$date": "2023-12-01T15:32:46.949Z"
  },
  "updatedAt": {
    "$date": "2023-12-02T03:51:31.731Z"
  },
  "__v": 0,
  "deletedAt": {
    "$date": "2023-12-02T03:51:31.730Z"
  }
},
{
  "_id": {
    "$oid": "6569fd799b16723582e769c3"
  },
  "csw_name": "Quân Hồ Mạnh",
  "csw_gender": "dfgdf",
  "csw_phonenumber": "0906877581",
  "csw_username": "",
  "csw_emailaddress": "homanhquan1812@gmail.com",
  "csw_password": "gdf",
  "csw_position": "Test",
  "csw_department": "123",
  "deleted": true,
  "createdAt": {
    "$date": "2023-12-01T15:36:25.551Z"
  },
  "updatedAt": {
    "$date": "2023-12-03T05:53:51.065Z"
  },
  "__v": 0,
  "deletedAt": {
    "$date": "2023-12-03T05:53:51.065Z"
  }
},
{
  "_id": {
    "$oid": "6569fd9c9b16723582e769c6"
  },
  "csw_name": "Test",
  "csw_gender": "Test",
  "csw_phonenumber": "Test",
  "csw_username": "Test",
  "csw_emailaddress": "Test",
  "csw_password": "Test",
  "csw_position": "Employee",
  "csw_department": "Test",
  "deleted": true,
  "createdAt": {
    "$date": "2023-12-01T15:37:00.777Z"
  },
  "updatedAt": {
    "$date": "2023-12-03T05:54:28.834Z"
  },
  "__v": 0,
  "deletedAt": {
    "$date": "2023-12-03T05:54:28.834Z"
  }
},
{
  "_id": {
    "$oid": "6569fdc968e0390f073584e4"
  },
  "csw_name": "1",
  "csw_gender": "4",
  "csw_phonenumber": "5",
  "csw_username": "5",
  "csw_emailaddress": "2",
  "csw_password": "3",
  "csw_position": "Employee",
  "csw_department": "6",
  "deleted": true,
  "createdAt": {
    "$date": "2023-12-01T15:37:45.446Z"
  },
  "updatedAt": {
    "$date": "2023-12-01T15:41:09.804Z"
  },
  "__v": 0,
  "deletedAt": {
    "$date": "2023-12-01T15:41:09.802Z"
  }
},
{
  "_id": {
    "$oid": "6569fdd868e0390f073584e8"
  },
  "csw_name": "dfsd",
  "csw_gender": "sdfsd",
  "csw_phonenumber": "fdsfsdf",
  "csw_username": "sdfsd",
  "csw_emailaddress": "sdfs",
  "csw_password": "sdfsd",
  "csw_position": "sdfsdfsdf",
  "csw_department": "fsd",
  "deleted": true,
  "createdAt": {
    "$date": "2023-12-01T15:38:00.025Z"
  },
  "updatedAt": {
    "$date": "2023-12-03T05:53:54.787Z"
  },
  "__v": 0,
  "deletedAt": {
    "$date": "2023-12-03T05:53:54.787Z"
  }
},
{
  "_id": {
    "$oid": "656a90cdb13ca200fb3376ce"
  },
  "csw_name": "Quân Hồ Mạnh",
  "csw_gender": "sdfsd",
  "csw_phonenumber": "0906877581",
  "csw_username": "sdfsdf",
  "csw_emailaddress": "homanhquan1812@gmail.com",
  "csw_password": "fdsf",
  "csw_position": "Employee",
  "csw_department": "dfsdf",
  "deleted": true,
  "createdAt": {
    "$date": "2023-12-02T02:05:01.899Z"
  },
  "updatedAt": {
    "$date": "2023-12-03T05:54:06.884Z"
  },
  "__v": 0,
  "deletedAt": {
    "$date": "2023-12-03T05:54:06.883Z"
  }
},
{
  "_id": {
    "$oid": "656aa6bdc3f08a65ca21cfbb"
  },
  "csw_name": "Quân Hồ Mạnh",
  "csw_gender": "fef",
  "csw_phonenumber": "0906877581",
  "csw_username": "fefe",
  "csw_emailaddress": "homanhquan1812@gmail.com",
  "csw_password": "fe",
  "csw_position": "efe",
  "csw_department": "f",
  "deleted": true,
  "createdAt": {
    "$date": "2023-12-02T03:38:37.318Z"
  },
  "updatedAt": {
    "$date": "2023-12-02T11:00:42.715Z"
  },
  "__v": 0,
  "deletedAt": {
    "$date": "2023-12-02T11:00:42.715Z"
  }
},
{
  "_id": {
    "$oid": "656aab2af32ea93024d05c4e"
  },
  "csw_name": "Quân Hồ Mạnh",
  "csw_gender": "Test",
  "csw_phonenumber": "0906877581",
  "csw_username": "asdasdas",
  "csw_emailaddress": "homanhquan1812@gmail.com",
  "csw_password": "Test",
  "csw_position": "Employee",
  "csw_department": "Department 1",
  "deleted": true,
  "createdAt": {
    "$date": "2023-12-02T03:57:30.348Z"
  },
  "updatedAt": {
    "$date": "2023-12-02T03:57:40.734Z"
  },
  "__v": 0,
  "deletedAt": {
    "$date": "2023-12-02T03:57:40.731Z"
  }
},
{
  "_id": {
    "$oid": "656afd458d4c1ee4618a41e2"
  },
  "csw_name": "asda",
  "csw_gender": "asda",
  "csw_phonenumber": "dasd",
  "csw_username": "da",
  "csw_emailaddress": "dasd",
  "csw_password": "sdas",
  "csw_position": "asdas",
  "csw_department": "das",
  "deleted": true,
  "createdAt": {
    "$date": "2023-12-02T09:47:49.210Z"
  },
  "updatedAt": {
    "$date": "2023-12-02T09:47:54.510Z"
  },
  "__v": 0,
  "deletedAt": {
    "$date": "2023-12-02T09:47:54.509Z"
  }
},
{
  "_id": {
    "$oid": "656b049bea662999cd6be716"
  },
  "csw_name": "1231",
  "csw_gender": "2312",
  "csw_phonenumber": "231",
  "csw_username": "12312",
  "csw_emailaddress": "312",
  "csw_password": "31231",
  "csw_position": "23123",
  "csw_department": "123",
  "deleted": true,
  "createdAt": {
    "$date": "2023-12-02T10:19:07.497Z"
  },
  "updatedAt": {
    "$date": "2023-12-02T10:50:10.821Z"
  },
  "__v": 0,
  "deletedAt": {
    "$date": "2023-12-02T10:50:10.818Z"
  }
},
{
  "_id": {
    "$oid": "657d11742deaf07acb39c80c"
  },
  "csw_name": "T",
  "csw_gender": "d",
  "csw_phonenumber": "d",
  "csw_username": "d",
  "csw_emailaddress": "s",
  "csw_password": "d",
  "csw_position": "d",
  "csw_department": "d",
  "deleted": true,
  "createdAt": {
    "$date": "2023-12-16T02:54:44.031Z"
  },
  "updatedAt": {
    "$date": "2023-12-16T02:54:47.816Z"
  },
  "__v": 0,
  "deletedAt": {
    "$date": "2023-12-16T02:54:47.815Z"
  }
},
{
  "_id": {
    "$oid": "65985c0adadbf1f5a8060827"
  },
  "csw_name": "Le Ngoc Duyen",
  "csw_gender": "Male",
  "csw_phonenumber": "0388349307",
  "csw_username": "nguyenanhthao12",
  "csw_emailaddress": "duyenle255124@gmail.com",
  "csw_password": "Thao#123@2022",
  "csw_position": "Employee",
  "csw_department": "Baker",
  "deleted": false,
  "createdAt": {
    "$date": "2024-01-05T19:44:10.276Z"
  },
  "updatedAt": {
    "$date": "2024-01-06T17:45:00.812Z"
  },
  "__v": 0
},
{
  "_id": {
    "$oid": "65985c0adadbf1f5a8060999"
  },
  "csw_name": "Le Ngoc Duyen",
  "csw_gender": "Male",
  "csw_phonenumber": "0388349307",
  "csw_username": "nguyenan4545o12",
  "csw_emailaddress": "duyenle255124@gmail.com",
  "csw_password": "Thao#123@2022",
  "csw_position": "Employee",
  "csw_department": "Cashier",
  "updatedAt": {
    "$date": "2024-01-06T17:45:00.759Z"
  }
},
{
  "_id": {
    "$oid": "659900abe7fd5f51fd8d28ca"
  },
  "csw_name": "Quân Hồ Mạnh",
  "csw_gender": "Male",
  "csw_phonenumber": "0123456789",
  "csw_username": "asdasdas",
  "csw_emailaddress": "homanhquan1812@gmail.com",
  "csw_password": "dasdasdwas",
  "csw_position": "Employee",
  "csw_department": "Baker",
  "deleted": false,
  "createdAt": {
    "$date": "2024-01-06T07:26:35.128Z"
  },
  "updatedAt": {
    "$date": "2024-01-06T17:45:00.756Z"
  },
  "__v": 0
}]