[{
  "_id": {
    "$oid": "6569afb8b863048718be4375"
  },
  "csw_notes": "Bake chocolate cupcakes for tomorrow's order."
},
{
  "_id": {
    "$oid": "6569afb8b863048718be4376"
  },
  "csw_notes": "Decorate wedding cake with floral arrangement."
},
{
  "_id": {
    "$oid": "6569afb8b863048718be4377"
  },
  "csw_notes": "Restock vanilla and strawberry icing for the weekend rush.",
  "deleted": true,
  "deletedAt": {
    "$date": "2024-01-06T07:53:44.682Z"
  },
  "updatedAt": {
    "$date": "2024-01-06T07:53:44.682Z"
  }
},
{
  "_id": {
    "$oid": "6569afb8b863048718be4378"
  },
  "csw_notes": "Experiment with new frosting designs for the holiday season."
},
{
  "_id": {
    "$oid": "6569afb8b863048718be4379"
  },
  "csw_notes": "Prepare fondant for custom cake order.",
  "deleted": false,
  "deletedAt": {
    "$date": "2023-12-03T06:33:02.914Z"
  },
  "updatedAt": {
    "$date": "2023-12-03T06:33:02.916Z"
  }
},
{
  "_id": {
    "$oid": "656bdc7489a0b4b791fc85cb"
  },
  "csw_notes": "Test",
  "deleted": true,
  "createdAt": {
    "$date": "2023-12-03T01:40:04.202Z"
  },
  "updatedAt": {
    "$date": "2023-12-03T02:16:50.753Z"
  },
  "__v": 0,
  "deletedAt": {
    "$date": "2023-12-03T02:16:50.752Z"
  }
},
{
  "_id": {
    "$oid": "656be5243775915bcc3717c0"
  },
  "csw_notes": "Test this shit",
  "deleted": true,
  "createdAt": {
    "$date": "2023-12-03T02:17:08.846Z"
  },
  "updatedAt": {
    "$date": "2023-12-03T02:21:59.202Z"
  },
  "__v": 0,
  "deletedAt": {
    "$date": "2023-12-03T02:21:59.202Z"
  }
},
{
  "_id": {
    "$oid": "6589054a7fd11fcb76464d6b"
  },
  "csw_notes": "Test this note",
  "deleted": true,
  "createdAt": {
    "$date": "2023-12-25T04:30:02.856Z"
  },
  "updatedAt": {
    "$date": "2023-12-25T04:30:06.437Z"
  },
  "__v": 0,
  "deletedAt": {
    "$date": "2023-12-25T04:30:06.434Z"
  }
},
{
  "_id": {
    "$oid": "658905b47fd11fcb76464d9e"
  },
  "csw_notes": "Test this note",
  "deleted": true,
  "createdAt": {
    "$date": "2023-12-25T04:31:48.875Z"
  },
  "updatedAt": {
    "$date": "2023-12-25T04:31:52.876Z"
  },
  "__v": 0,
  "deletedAt": {
    "$date": "2023-12-25T04:31:52.875Z"
  }
},
{
  "_id": {
    "$oid": "65985756dadbf1f5a806074d"
  },
  "csw_notes": "check attendant",
  "deleted": true,
  "createdAt": {
    "$date": "2024-01-05T19:24:06.351Z"
  },
  "updatedAt": {
    "$date": "2024-01-05T19:25:27.092Z"
  },
  "__v": 0,
  "deletedAt": {
    "$date": "2024-01-05T19:25:27.091Z"
  }
},
{
  "_id": {
    "$oid": "6599070ce7fd5f51fd8d2c2e"
  },
  "csw_notes": "Restock vanilla and strawberry icing for the weekend rush.",
  "deleted": false,
  "createdAt": {
    "$date": "2024-01-06T07:53:48.225Z"
  },
  "updatedAt": {
    "$date": "2024-01-06T07:53:48.225Z"
  },
  "__v": 0
}]